tracker_domain,owner,category,sites_seen,site_pct
googletagmanager.com,Google Tag Manager,Tag Management,345,35.49
google.com,google.com,Other / Unknown,306,31.48
doubleclick.net,Google/DoubleClick,Advertising,259,26.65
google-analytics.com,Google Analytics,Analytics,186,19.14
gstatic.com,gstatic.com,Other / Unknown,166,17.08
googleapis.com,googleapis.com,Other / Unknown,149,15.33
linkedin.com,LinkedIn,Social,129,13.27
facebook.com,Facebook,Social,127,13.07
bing.com,bing.com,Other / Unknown,116,11.93
facebook.net,Facebook,Advertising,116,11.93
adnxs.com,AppNexus,Advertising,111,11.42
onetrust.com,onetrust.com,Other / Unknown,104,10.7
demdex.net,Adobe,Analytics,104,10.7
adsrvr.org,Trade Desk,Advertising,100,10.29
cookielaw.org,cookielaw.org,Other / Unknown,100,10.29
rubiconproject.com,Rubicon Project,Advertising,99,10.19
googlesyndication.com,Google,Advertising,94,9.67
licdn.com,LinkedIn,Social,88,9.05
casalemedia.com,Index Exchange,Advertising,87,8.95
rlcdn.com,rlcdn.com,Other / Unknown,77,7.92
pubmatic.com,PubMatic,Advertising,74,7.61
cloudfront.net,cloudfront.net,Other / Unknown,73,7.51
amazon-adsystem.com,Amazon,Advertising,68,7.0
bidswitch.net,Bidswitch,Advertising,66,6.79
yahoo.com,yahoo.com,Other / Unknown,63,6.48
clarity.ms,clarity.ms,Other / Unknown,61,6.28
jsdelivr.net,jsdelivr.net,Other / Unknown,61,6.28
criteo.com,Criteo,Advertising,61,6.28
tapad.com,tapad.com,Other / Unknown,61,6.28
openx.net,OpenX,Advertising,60,6.17
everesttech.net,everesttech.net,Other / Unknown,60,6.17
twitter.com,Twitter,Social,57,5.86
cloudflareinsights.com,cloudflareinsights.com,Other / Unknown,56,5.76
redditstatic.com,redditstatic.com,Other / Unknown,55,5.66
crwdcntrl.net,crwdcntrl.net,Other / Unknown,54,5.56
scorecardresearch.com,Comscore,Analytics,54,5.56
cloudflare.com,Cloudflare,CDN / Infrastructure,54,5.56
reddit.com,reddit.com,Other / Unknown,53,5.45
3lift.com,3lift.com,Other / Unknown,53,5.45
googleadservices.com,Google,Advertising,53,5.45
adobedtm.com,adobedtm.com,Other / Unknown,53,5.45
liadm.com,liadm.com,Other / Unknown,52,5.35
pippio.com,pippio.com,Other / Unknown,50,5.14
agkn.com,agkn.com,Other / Unknown,50,5.14
ads-twitter.com,ads-twitter.com,Other / Unknown,49,5.04
adtrafficquality.google,adtrafficquality.google,Other / Unknown,49,5.04
360yield.com,360yield.com,Other / Unknown,46,4.73
smartadserver.com,smartadserver.com,Other / Unknown,46,4.73
stackadapt.com,stackadapt.com,Other / Unknown,45,4.63
outbrain.com,Outbrain,Advertising,45,4.63
taboola.com,Taboola,Advertising,44,4.53
t.co,Twitter,Social,44,4.53
creativecdn.com,creativecdn.com,Other / Unknown,43,4.42
postrelease.com,postrelease.com,Other / Unknown,43,4.42
rfihub.com,rfihub.com,Other / Unknown,43,4.42
bidr.io,bidr.io,Other / Unknown,43,4.42
marketo.net,marketo.net,Other / Unknown,43,4.42
go-mpulse.net,go-mpulse.net,Other / Unknown,41,4.22
rezync.com,rezync.com,Other / Unknown,41,4.22
sentry.io,sentry.io,Other / Unknown,40,4.12
id5-sync.com,ID5,Advertising,40,4.12
turn.com,turn.com,Other / Unknown,40,4.12
media.net,media.net,Other / Unknown,39,4.01
fwmrm.net,fwmrm.net,Other / Unknown,39,4.01
1rx.io,1rx.io,Other / Unknown,38,3.91
quantserve.com,Quantcast,Advertising,38,3.91
loopme.me,loopme.me,Other / Unknown,37,3.81
tremorhub.com,tremorhub.com,Other / Unknown,37,3.81
unrulymedia.com,unrulymedia.com,Other / Unknown,37,3.81
youtube.com,youtube.com,Other / Unknown,36,3.7
yieldmo.com,yieldmo.com,Other / Unknown,36,3.7
sharethrough.com,sharethrough.com,Other / Unknown,35,3.6
gumgum.com,gumgum.com,Other / Unknown,35,3.6
mktoresp.com,mktoresp.com,Other / Unknown,34,3.5
semasio.net,semasio.net,Other / Unknown,34,3.5
lijit.com,lijit.com,Other / Unknown,34,3.5
deepintent.com,deepintent.com,Other / Unknown,34,3.5
ipredictive.com,ipredictive.com,Other / Unknown,33,3.4
dotomi.com,dotomi.com,Other / Unknown,33,3.4
adform.net,adform.net,Other / Unknown,33,3.4
temu.com,temu.com,Other / Unknown,33,3.4
blismedia.com,blismedia.com,Other / Unknown,31,3.19
opera.com,opera.com,Other / Unknown,31,3.19
mathtag.com,mathtag.com,Other / Unknown,31,3.19
yandex.ru,yandex.ru,Other / Unknown,31,3.19
company-target.com,company-target.com,Other / Unknown,31,3.19
connatix.com,connatix.com,Other / Unknown,30,3.09
sitescout.com,sitescout.com,Other / Unknown,30,3.09
mfadsrvr.com,mfadsrvr.com,Other / Unknown,30,3.09
presage.io,presage.io,Other / Unknown,30,3.09
simpli.fi,simpli.fi,Other / Unknown,30,3.09
kargo.com,kargo.com,Other / Unknown,29,2.98
admanmedia.com,admanmedia.com,Other / Unknown,29,2.98
sonobi.com,sonobi.com,Other / Unknown,29,2.98
doubleverify.com,doubleverify.com,Other / Unknown,29,2.98
onaudience.com,onaudience.com,Other / Unknown,29,2.98
criteo.net,Criteo,Advertising,29,2.98
tiktok.com,TikTok,Social,29,2.98
33across.com,33Across,Advertising,28,2.88
omnitagjs.com,omnitagjs.com,Other / Unknown,28,2.88
eyeota.net,eyeota.net,Other / Unknown,28,2.88
adentifi.com,adentifi.com,Other / Unknown,27,2.78
contextweb.com,contextweb.com,Other / Unknown,27,2.78
hotjar.com,Hotjar,Analytics,27,2.78
akstat.io,akstat.io,Other / Unknown,27,2.78
yandex.com,yandex.com,Other / Unknown,26,2.67
smaato.net,smaato.net,Other / Unknown,26,2.67
media6degrees.com,media6degrees.com,Other / Unknown,25,2.57
trustarc.com,trustarc.com,Other / Unknown,25,2.57
onetag-sys.com,onetag-sys.com,Other / Unknown,25,2.57
tiktokw.us,tiktokw.us,Other / Unknown,25,2.57
richaudience.com,richaudience.com,Other / Unknown,25,2.57
qualtrics.com,qualtrics.com,Other / Unknown,25,2.57
inmobi.com,inmobi.com,Other / Unknown,24,2.47
2mdn.net,2mdn.net,Other / Unknown,24,2.47
akamaihd.net,akamaihd.net,Other / Unknown,24,2.47
a-mo.net,a-mo.net,Other / Unknown,24,2.47
adsafeprotected.com,adsafeprotected.com,Other / Unknown,24,2.47
6sc.co,6sc.co,Other / Unknown,24,2.47
eu-1-id5-sync.com,eu-1-id5-sync.com,Other / Unknown,24,2.47
mrtnsvr.com,mrtnsvr.com,Other / Unknown,23,2.37
media-amazon.com,media-amazon.com,Other / Unknown,23,2.37
omtrdc.net,Adobe,Analytics,23,2.37
demandbase.com,demandbase.com,Other / Unknown,23,2.37
nr-data.net,New Relic,Analytics,23,2.37
hs-analytics.net,hs-analytics.net,Other / Unknown,23,2.37
zemanta.com,zemanta.com,Other / Unknown,22,2.26
tribalfusion.com,tribalfusion.com,Other / Unknown,22,2.26
hsforms.com,hsforms.com,Other / Unknown,22,2.26
iqzone.com,iqzone.com,Other / Unknown,22,2.26
newrelic.com,New Relic,Analytics,22,2.26
hubspot.com,hubspot.com,Other / Unknown,22,2.26
cognitivlabs.com,cognitivlabs.com,Other / Unknown,22,2.26
seedtag.com,seedtag.com,Other / Unknown,22,2.26
pmbmonetize.live,pmbmonetize.live,Other / Unknown,22,2.26
nrich.ai,nrich.ai,Other / Unknown,22,2.26
hs-banner.com,hs-banner.com,Other / Unknown,22,2.26
optimizely.com,optimizely.com,Other / Unknown,21,2.16
ml314.com,ml314.com,Other / Unknown,21,2.16
creative-serving.com,creative-serving.com,Other / Unknown,21,2.16
ssl-images-amazon.com,ssl-images-amazon.com,Other / Unknown,21,2.16
hs-scripts.com,hs-scripts.com,Other / Unknown,21,2.16
measureadv.com,measureadv.com,Other / Unknown,21,2.16
yellowblue.io,yellowblue.io,Other / Unknown,21,2.16
sentry-cdn.com,sentry-cdn.com,Other / Unknown,21,2.16
bttrack.com,bttrack.com,Other / Unknown,21,2.16
pinterest.com,Pinterest,Social,21,2.16
indexww.com,indexww.com,Other / Unknown,21,2.16
typekit.net,typekit.net,Other / Unknown,21,2.16
betweendigital.com,betweendigital.com,Other / Unknown,20,2.06
openxcdn.net,openxcdn.net,Other / Unknown,20,2.06
adkernel.com,adkernel.com,Other / Unknown,20,2.06
bmnlcjabgnpnenekpadlanbbkooimhnj,bmnlcjabgnpnenekpadlanbbkooimhnj,Other / Unknown,20,2.06
digitalaudience.io,digitalaudience.io,Other / Unknown,20,2.06
krushmedia.com,krushmedia.com,Other / Unknown,20,2.06
bfmio.com,bfmio.com,Other / Unknown,20,2.06
chhjbpecpncaggjpdakmflnfcopglcmi,chhjbpecpncaggjpdakmflnfcopglcmi,Other / Unknown,20,2.06
gplcmncpklkdjiccbknjjkoidpgkcakd,gplcmncpklkdjiccbknjjkoidpgkcakd,Other / Unknown,19,1.95
nngceckbapebfimnlniiiahkandclblb,nngceckbapebfimnlniiiahkandclblb,Other / Unknown,19,1.95
mbnbehikldjhnfehhnaidhjhoofhpehk,mbnbehikldjhnfehhnaidhjhoofhpehk,Other / Unknown,19,1.95
cofdbpoegempjloogbagkncekinflcnj,cofdbpoegempjloogbagkncekinflcnj,Other / Unknown,19,1.95
bhlhnicpbhignbdhedgjhgdocnmhomnp,bhlhnicpbhignbdhedgjhgdocnmhomnp,Other / Unknown,19,1.95
oncaapliomaamlbopdmhmdompfemljhm,oncaapliomaamlbopdmhmdompfemljhm,Other / Unknown,19,1.95
pmjeegjhjdlccodhacdgbgfagbpmccpe,pmjeegjhjdlccodhacdgbgfagbpmccpe,Other / Unknown,19,1.95
fjgncogppolhfdpijihbpfmeohpaadpc,fjgncogppolhfdpijihbpfmeohpaadpc,Other / Unknown,19,1.95
jgjaeacdkonaoafenlfkkkmbaopkbilf,jgjaeacdkonaoafenlfkkkmbaopkbilf,Other / Unknown,19,1.95
pinimg.com,Pinterest,Social,19,1.95
pcblbflgdkdfdjpjifeppkljdnaekohj,pcblbflgdkdfdjpjifeppkljdnaekohj,Other / Unknown,19,1.95
flliilndjeohchalpbbcdekjklbdgfkk,flliilndjeohchalpbbcdekjklbdgfkk,Other / Unknown,19,1.95
cndibmoanboadcifjkjbdpjgfedanolh,cndibmoanboadcifjkjbdpjgfedanolh,Other / Unknown,19,1.95
nlipoenfbbikpbjkfpfillcgkoblgpmj,nlipoenfbbikpbjkfpfillcgkoblgpmj,Other / Unknown,19,1.95
caljgklbbfbcjjanaijlacgncafpegll,caljgklbbfbcjjanaijlacgncafpegll,Other / Unknown,19,1.95
disqus.com,disqus.com,Other / Unknown,19,1.95
aeblfdkhhhdcdjpifhhbdiojplfjncoa,aeblfdkhhhdcdjpifhhbdiojplfjncoa,Other / Unknown,19,1.95
advolve.io,advolve.io,Other / Unknown,19,1.95
adgrx.com,adgrx.com,Other / Unknown,19,1.95
springserve.com,springserve.com,Other / Unknown,19,1.95
hsadspixel.net,hsadspixel.net,Other / Unknown,19,1.95
kkjfobdnekhdpmgomkpeibhlnmcjgian,kkjfobdnekhdpmgomkpeibhlnmcjgian,Other / Unknown,19,1.95
fastclick.net,fastclick.net,Other / Unknown,19,1.95
permutive.com,permutive.com,Other / Unknown,19,1.95
acuityplatform.com,acuityplatform.com,Other / Unknown,19,1.95
xplosion.de,xplosion.de,Other / Unknown,19,1.95
amazonaws.com,amazonaws.com,Other / Unknown,19,1.95
ffdaeeijbbijklfcpahbghahojgfgebo,ffdaeeijbbijklfcpahbghahojgfgebo,Other / Unknown,19,1.95
appier.net,appier.net,Other / Unknown,19,1.95
dnebklifojaaecmheejjopgjdljebpeo,dnebklifojaaecmheejjopgjdljebpeo,Other / Unknown,19,1.95
phidhnmbkbkbkbknhldmpmnacgicphkf,phidhnmbkbkbkbknhldmpmnacgicphkf,Other / Unknown,19,1.95
laankejkbhbdhmipfmgcngdelahlfoji,laankejkbhbdhmipfmgcngdelahlfoji,Other / Unknown,19,1.95
bkhaagjahfmjljalopjnoealnfndnagc,bkhaagjahfmjljalopjnoealnfndnagc,Other / Unknown,19,1.95
gmagdfpiahgilkjlfgpedjjfpomdlkan,gmagdfpiahgilkjlfgpedjjfpomdlkan,Other / Unknown,19,1.95
gojbdfnpnhogfdgjbigejoaolejmgdhk,gojbdfnpnhogfdgjbigejoaolejmgdhk,Other / Unknown,19,1.95
ngghlnfmdgnpegcmbpgehkbhkhkbkjpj,ngghlnfmdgnpegcmbpgehkbhkhkbkjpj,Other / Unknown,19,1.95
fmkadmapgofadopljbjfkapdkoienihi,fmkadmapgofadopljbjfkapdkoienihi,Other / Unknown,19,1.95
kbbdabhdfibnancpjfhlkhafgdilcnji,kbbdabhdfibnancpjfhlkhafgdilcnji,Other / Unknown,19,1.95
iceonohalfbfcldenclcjafcpboiplfo,iceonohalfbfcldenclcjafcpboiplfo,Other / Unknown,19,1.95
gppongmhjkpfnbhagpmjfkannfbllamg,gppongmhjkpfnbhagpmjfkannfbllamg,Other / Unknown,19,1.95
okfkdaglfjjjfefdcppliegebpoegaii,okfkdaglfjjjfefdcppliegebpoegaii,Other / Unknown,19,1.95
dbepggeogbaibhgnhhndojpepiihcmeb,dbepggeogbaibhgnhhndojpepiihcmeb,Other / Unknown,19,1.95
akdgnmcogleenhbclghghlkkdndkjdjc,akdgnmcogleenhbclghghlkkdndkjdjc,Other / Unknown,19,1.95
gmechnknnhcmhlciielglhgodjlcbien,gmechnknnhcmhlciielglhgodjlcbien,Other / Unknown,19,1.95
nffaoalbilbmmfgbnbgppjihopabppdk,nffaoalbilbmmfgbnbgppjihopabppdk,Other / Unknown,19,1.95
pioclpoplcdbaefihamjohnefbikjilc,pioclpoplcdbaefihamjohnefbikjilc,Other / Unknown,19,1.95
jldhpllghnbhlbpcmnajkpdmadaolakh,jldhpllghnbhlbpcmnajkpdmadaolakh,Other / Unknown,19,1.95
difoiogjjojoaoomphldepapgpbgkhkb,difoiogjjojoaoomphldepapgpbgkhkb,Other / Unknown,19,1.95
hoklmmgfnpapgjgcpechhaamimifchmp,hoklmmgfnpapgjgcpechhaamimifchmp,Other / Unknown,19,1.95
noogafoofpebimajpfpamcfhoaifemoa,noogafoofpebimajpfpamcfhoaifemoa,Other / Unknown,19,1.95
hlofigcdgjlnalbkeeinfcjceabpamci,hlofigcdgjlnalbkeeinfcjceabpamci,Other / Unknown,19,1.95
fggkaccpbmombhnjkjokndojfgagejfb,fggkaccpbmombhnjkjokndojfgagejfb,Other / Unknown,19,1.95
kbfnbcaeplbcioakkpcpgfkobkghlhen,kbfnbcaeplbcioakkpcpgfkobkghlhen,Other / Unknown,19,1.95
kohfgcgbkjodfcfkcackpagifgbcmimk,kohfgcgbkjodfcfkcackpagifgbcmimk,Other / Unknown,19,1.95
ajphlblkfpppdpkgokiejbjfohfohhmk,ajphlblkfpppdpkgokiejbjfohfohhmk,Other / Unknown,19,1.95
lpcaedmchfhocbbapmcbpinfpgnhiddi,lpcaedmchfhocbbapmcbpinfpgnhiddi,Other / Unknown,19,1.95
kjacjjdnoddnpbbcjilcajfhhbdhkpgk,kjacjjdnoddnpbbcjilcajfhhbdhkpgk,Other / Unknown,19,1.95
blillmbchncajnhkjfdnincfndboieik,blillmbchncajnhkjfdnincfndboieik,Other / Unknown,19,1.95
mgijmajocgfcbeboacabfgobmjgjcoja,mgijmajocgfcbeboacabfgobmjgjcoja,Other / Unknown,19,1.95
hehijbfgiekmjfkfjpbkbammjbdenadd,hehijbfgiekmjfkfjpbkbammjbdenadd,Other / Unknown,19,1.95
mail.ru,mail.ru,Other / Unknown,19,1.95
eifflpmocdbdmepbjaopkkhbfmdgijcc,eifflpmocdbdmepbjaopkkhbfmdgijcc,Other / Unknown,19,1.95
ecnphlgnajanjnkcmbpancdjoidceilk,ecnphlgnajanjnkcmbpancdjoidceilk,Other / Unknown,19,1.95
flmcglmalcnabfaalkomeaohklknbbhg,flmcglmalcnabfaalkomeaohklknbbhg,Other / Unknown,19,1.95
clngdbkpkpeebahjckkjfobafhncgmne,clngdbkpkpeebahjckkjfobafhncgmne,Other / Unknown,19,1.95
oldceeleldhonbafppcapldpdifcinji,oldceeleldhonbafppcapldpdifcinji,Other / Unknown,19,1.95
hdokiejnpimakedhajhdlcegeplioahd,hdokiejnpimakedhajhdlcegeplioahd,Other / Unknown,19,1.95
amciopbgphikbcmaffbmmibnbpiokfic,amciopbgphikbcmaffbmmibnbpiokfic,Other / Unknown,19,1.95
aapbdbdomjkkjkaonfhkkikfgjllcleb,aapbdbdomjkkjkaonfhkkikfgjllcleb,Other / Unknown,19,1.95
liecbddmkiiihnedobmlmillhodjkdmb,liecbddmkiiihnedobmlmillhodjkdmb,Other / Unknown,19,1.95
p7cloud.net,p7cloud.net,Other / Unknown,18,1.85
chartbeat.com,Chartbeat,Analytics,18,1.85
tiqcdn.com,Tealium,Tag Management,18,1.85
smilewanted.com,smilewanted.com,Other / Unknown,18,1.85
unpkg.com,unpkg.com,Other / Unknown,18,1.85
yandex.net,yandex.net,Other / Unknown,18,1.85
mxptint.net,mxptint.net,Other / Unknown,18,1.85
yastatic.net,yastatic.net,Other / Unknown,18,1.85
rkdms.com,rkdms.com,Other / Unknown,18,1.85
6sense.com,6sense.com,Other / Unknown,17,1.75
snapchat.com,Snap,Social,17,1.75
crazyegg.com,crazyegg.com,Other / Unknown,17,1.75
imrworldwide.com,imrworldwide.com,Other / Unknown,17,1.75
amplitude.com,Amplitude,Analytics,17,1.75
usbrowserspeed.com,usbrowserspeed.com,Other / Unknown,17,1.75
vistarsagency.com,vistarsagency.com,Other / Unknown,16,1.65
mgid.com,mgid.com,Other / Unknown,16,1.65
loudecho.ai,loudecho.ai,Other / Unknown,16,1.65
sc-static.net,sc-static.net,Other / Unknown,16,1.65
emxdgt.com,emxdgt.com,Other / Unknown,16,1.65
intentiq.com,intentiq.com,Other / Unknown,16,1.65
ingage.tech,ingage.tech,Other / Unknown,16,1.65
chartbeat.net,Chartbeat,Analytics,16,1.65
hlx.page,hlx.page,Other / Unknown,15,1.54
zoominfo.com,zoominfo.com,Other / Unknown,15,1.54
sascdn.com,sascdn.com,Other / Unknown,15,1.54
sportradarserving.com,sportradarserving.com,Other / Unknown,15,1.54
ytimg.com,ytimg.com,Other / Unknown,15,1.54
adobedc.net,adobedc.net,Other / Unknown,15,1.54
qualified.com,qualified.com,Other / Unknown,15,1.54
a-mx.com,a-mx.com,Other / Unknown,15,1.54
privacymanager.io,privacymanager.io,Other / Unknown,15,1.54
gammaplatform.com,gammaplatform.com,Other / Unknown,15,1.54
permutive.app,permutive.app,Other / Unknown,15,1.54
dv.tech,dv.tech,Other / Unknown,15,1.54
website-files.com,website-files.com,Other / Unknown,15,1.54
googletagservices.com,googletagservices.com,Other / Unknown,15,1.54
spotify.com,spotify.com,Other / Unknown,15,1.54
eskimi.com,eskimi.com,Other / Unknown,14,1.44
bizible.com,bizible.com,Other / Unknown,14,1.44
cootlogix.com,cootlogix.com,Other / Unknown,14,1.44
contentsquare.net,contentsquare.net,Other / Unknown,14,1.44
bizibly.com,bizibly.com,Other / Unknown,14,1.44
socdm.com,socdm.com,Other / Unknown,14,1.44
wistia.com,wistia.com,Other / Unknown,14,1.44
rtbhouse.com,rtbhouse.com,Other / Unknown,14,1.44
parsely.com,parsely.com,Other / Unknown,14,1.44
primis.tech,primis.tech,Other / Unknown,14,1.44
visualwebsiteoptimizer.com,visualwebsiteoptimizer.com,Other / Unknown,14,1.44
awswaf.com,awswaf.com,Other / Unknown,14,1.44
transcend-cdn.com,transcend-cdn.com,Other / Unknown,14,1.44
flashtalking.com,flashtalking.com,Other / Unknown,14,1.44
quora.com,quora.com,Other / Unknown,14,1.44
hubapi.com,hubapi.com,Other / Unknown,13,1.34
prmutv.co,prmutv.co,Other / Unknown,13,1.34
ad-delivery.net,ad-delivery.net,Other / Unknown,13,1.34
ispot.tv,ispot.tv,Other / Unknown,13,1.34
rqtrk.eu,rqtrk.eu,Other / Unknown,13,1.34
segment.com,Segment,Analytics,13,1.34
zeotap.com,zeotap.com,Other / Unknown,13,1.34
g2.com,g2.com,Other / Unknown,12,1.23
zi-scripts.com,zi-scripts.com,Other / Unknown,12,1.23
undertone.com,undertone.com,Other / Unknown,12,1.23
syncingbridge.com,syncingbridge.com,Other / Unknown,12,1.23
im-apps.net,im-apps.net,Other / Unknown,12,1.23
teads.tv,teads.tv,Other / Unknown,12,1.23
hscollectedforms.net,hscollectedforms.net,Other / Unknown,12,1.23
exelator.com,exelator.com,Other / Unknown,12,1.23
ctnsnet.com,ctnsnet.com,Other / Unknown,12,1.23
microsoft.com,microsoft.com,Other / Unknown,12,1.23
s-microsoft.com,s-microsoft.com,Other / Unknown,12,1.23
webcontentassessor.com,webcontentassessor.com,Other / Unknown,12,1.23
minutemedia-prebid.com,minutemedia-prebid.com,Other / Unknown,12,1.23
vk.com,vk.com,Other / Unknown,11,1.13
amazon.com,amazon.com,Other / Unknown,11,1.13
g2crowd.com,g2crowd.com,Other / Unknown,11,1.13
tynt.com,tynt.com,Other / Unknown,11,1.13
mookie1.com,mookie1.com,Other / Unknown,11,1.13
recaptcha.net,recaptcha.net,Other / Unknown,11,1.13
datadoghq-browser-agent.com,datadoghq-browser-agent.com,Other / Unknown,11,1.13
yimg.jp,yimg.jp,Other / Unknown,11,1.13
azure.com,azure.com,Other / Unknown,11,1.13
amazon.dev,amazon.dev,Other / Unknown,11,1.13
vimeo.com,vimeo.com,Other / Unknown,11,1.13
dmxleo.com,dmxleo.com,Other / Unknown,11,1.13
cxense.com,cxense.com,Other / Unknown,11,1.13
tracookiepixel.xyz,tracookiepixel.xyz,Other / Unknown,11,1.13
byspotify.com,byspotify.com,Other / Unknown,10,1.03
piano.io,piano.io,Other / Unknown,10,1.03
aniview.com,aniview.com,Other / Unknown,10,1.03
sape.ru,sape.ru,Other / Unknown,10,1.03
acint.net,acint.net,Other / Unknown,10,1.03
scene7.com,scene7.com,Other / Unknown,10,1.03
pdst.fm,pdst.fm,Other / Unknown,10,1.03
brandmetrics.com,brandmetrics.com,Other / Unknown,10,1.03
live.com,live.com,Other / Unknown,10,1.03
yimg.com,yimg.com,Other / Unknown,10,1.03
segment.io,Segment,Analytics,10,1.03
vimeocdn.com,vimeocdn.com,Other / Unknown,10,1.03
digitalgov.gov,digitalgov.gov,Other / Unknown,10,1.03
ymmobi.com,ymmobi.com,Other / Unknown,10,1.03
run.app,run.app,Other / Unknown,10,1.03
usercentrics.eu,usercentrics.eu,Other / Unknown,10,1.03
microsoftonline.com,microsoftonline.com,Other / Unknown,9,0.93
trustedstack.com,trustedstack.com,Other / Unknown,9,0.93
ctfassets.net,ctfassets.net,Other / Unknown,9,0.93
sail-horizon.com,sail-horizon.com,Other / Unknown,9,0.93
speedcurve.com,speedcurve.com,Other / Unknown,9,0.93
tvsquared.com,tvsquared.com,Other / Unknown,9,0.93
cookiebot.com,cookiebot.com,Other / Unknown,9,0.93
storygize.net,storygize.net,Other / Unknown,9,0.93
gfx.ms,gfx.ms,Other / Unknown,9,0.93
quantcount.com,quantcount.com,Other / Unknown,9,0.93
invalid,invalid,Other / Unknown,9,0.93
mediago.io,mediago.io,Other / Unknown,9,0.93
privacy-mgmt.com,privacy-mgmt.com,Other / Unknown,9,0.93
tinypass.com,tinypass.com,Other / Unknown,9,0.93
btloader.com,btloader.com,Other / Unknown,9,0.93
ck-ie.com,ck-ie.com,Other / Unknown,9,0.93
dns-finder.com,dns-finder.com,Other / Unknown,9,0.93
innovid.com,innovid.com,Other / Unknown,9,0.93
adroll.com,adroll.com,Other / Unknown,9,0.93
kueezrtb.com,kueezrtb.com,Other / Unknown,9,0.93
cdn-apple.com,cdn-apple.com,Other / Unknown,9,0.93
browser-intake-datadoghq.com,browser-intake-datadoghq.com,Other / Unknown,9,0.93
px-cloud.net,px-cloud.net,Other / Unknown,8,0.82
rtb-oveeo.com,rtb-oveeo.com,Other / Unknown,8,0.82
withgoogle.com,withgoogle.com,Other / Unknown,8,0.82
ketchcdn.com,ketchcdn.com,Other / Unknown,8,0.82
playdigo.com,playdigo.com,Other / Unknown,8,0.82
truste.com,truste.com,Other / Unknown,8,0.82
e-volution.ai,e-volution.ai,Other / Unknown,8,0.82
ortb.net,ortb.net,Other / Unknown,8,0.82
jquery.com,jquery.com,Other / Unknown,8,0.82
pinklion.io,pinklion.io,Other / Unknown,8,0.82
admixer.net,admixer.net,Other / Unknown,8,0.82
featureassets.org,featureassets.org,Other / Unknown,8,0.82
bounceexchange.com,bounceexchange.com,Other / Unknown,8,0.82
sparteo.com,sparteo.com,Other / Unknown,8,0.82
servenobid.com,servenobid.com,Other / Unknown,8,0.82
trkn.us,trkn.us,Other / Unknown,8,0.82
a2z.com,a2z.com,Other / Unknown,8,0.82
fontawesome.com,fontawesome.com,Other / Unknown,8,0.82
hybrid.ai,hybrid.ai,Other / Unknown,8,0.82
osano.com,osano.com,Other / Unknown,8,0.82
amxrtb.com,amxrtb.com,Other / Unknown,8,0.82
openwebmp.com,openwebmp.com,Other / Unknown,8,0.82
adscale.de,adscale.de,Other / Unknown,8,0.82
sail-personalize.com,sail-personalize.com,Other / Unknown,8,0.82
fout.jp,fout.jp,Other / Unknown,8,0.82
tns-counter.ru,tns-counter.ru,Other / Unknown,8,0.82
ketchjs.com,ketchjs.com,Other / Unknown,8,0.82
thisisdax.com,thisisdax.com,Other / Unknown,8,0.82
hsforms.net,hsforms.net,Other / Unknown,8,0.82
adriver.ru,adriver.ru,Other / Unknown,8,0.82
vector.co,vector.co,Other / Unknown,7,0.72
owneriq.net,owneriq.net,Other / Unknown,7,0.72
googleusercontent.com,googleusercontent.com,Other / Unknown,7,0.72
ad.gt,ad.gt,Other / Unknown,7,0.72
bootstrapcdn.com,bootstrapcdn.com,Other / Unknown,7,0.72
yadro.ru,yadro.ru,Other / Unknown,7,0.72
trustx.org,trustx.org,Other / Unknown,7,0.72
shb-sync.com,shb-sync.com,Other / Unknown,7,0.72
w55c.net,w55c.net,Other / Unknown,7,0.72
rtb.mx,rtb.mx,Other / Unknown,7,0.72
clickagy.com,clickagy.com,Other / Unknown,7,0.72
amx1.net,amx1.net,Other / Unknown,7,0.72
copper6.com,copper6.com,Other / Unknown,7,0.72
spotxchange.com,spotxchange.com,Other / Unknown,7,0.72
mountain.com,mountain.com,Other / Unknown,7,0.72
vidyard.com,vidyard.com,Other / Unknown,7,0.72
the-ozone-project.com,the-ozone-project.com,Other / Unknown,7,0.72
iqm.com,iqm.com,Other / Unknown,7,0.72
samplicio.us,samplicio.us,Other / Unknown,7,0.72
impactcdn.com,impactcdn.com,Other / Unknown,7,0.72
com.tr,com.tr,Other / Unknown,7,0.72
audioeye.com,audioeye.com,Other / Unknown,7,0.72
addtoany.com,addtoany.com,Other / Unknown,7,0.72
prodregistryv2.org,prodregistryv2.org,Other / Unknown,7,0.72
mediarithmics.com,mediarithmics.com,Other / Unknown,7,0.72
technoratimedia.com,technoratimedia.com,Other / Unknown,7,0.72
quantummetric.com,quantummetric.com,Other / Unknown,7,0.72
clmbtech.com,clmbtech.com,Other / Unknown,7,0.72
confiant-integrations.net,confiant-integrations.net,Other / Unknown,7,0.72
mobilefuse.com,mobilefuse.com,Other / Unknown,7,0.72
siteimproveanalytics.com,siteimproveanalytics.com,Other / Unknown,7,0.72
stripe.network,stripe.network,Other / Unknown,6,0.62
privacy-center.org,privacy-center.org,Other / Unknown,6,0.62
stripe.com,stripe.com,Other / Unknown,6,0.62
aidemsrv.com,aidemsrv.com,Other / Unknown,6,0.62
spot.im,spot.im,Other / Unknown,6,0.62
mrf.io,mrf.io,Other / Unknown,6,0.62
tpmn.io,tpmn.io,Other / Unknown,6,0.62
akamaized.net,akamaized.net,Other / Unknown,6,0.62
bing.net,bing.net,Other / Unknown,6,0.62
msftauth.net,msftauth.net,Other / Unknown,6,0.62
delivrdsp.ai,delivrdsp.ai,Other / Unknown,6,0.62
pingdom.net,pingdom.net,Other / Unknown,6,0.62
buzzoola.com,buzzoola.com,Other / Unknown,6,0.62
revcontent.com,revcontent.com,Other / Unknown,6,0.62
audienceexposure.com,audienceexposure.com,Other / Unknown,6,0.62
tubemogul.com,tubemogul.com,Other / Unknown,6,0.62
marketiq.com,marketiq.com,Other / Unknown,6,0.62
trustpilot.com,trustpilot.com,Other / Unknown,6,0.62
mediavine.com,mediavine.com,Other / Unknown,6,0.62
thrtle.com,thrtle.com,Other / Unknown,6,0.62
co.kr,co.kr,Other / Unknown,6,0.62
adhigh.net,adhigh.net,Other / Unknown,6,0.62
apptracer.ru,apptracer.ru,Other / Unknown,6,0.62
otm-r.com,otm-r.com,Other / Unknown,6,0.62
hadronid.net,hadronid.net,Other / Unknown,6,0.62
ftstatic.com,ftstatic.com,Other / Unknown,6,0.62
ml-attr.com,ml-attr.com,Other / Unknown,6,0.62
vk.ru,vk.ru,Other / Unknown,6,0.62
fullstory.com,fullstory.com,Other / Unknown,6,0.62
imdb.com,imdb.com,Other / Unknown,6,0.62
samba.tv,samba.tv,Other / Unknown,6,0.62
ninthdecimal.com,ninthdecimal.com,Other / Unknown,6,0.62
hsappstatic.net,hsappstatic.net,Other / Unknown,6,0.62
brightcove.com,brightcove.com,Other / Unknown,6,0.62
tq-tungsten.com,tq-tungsten.com,Other / Unknown,6,0.62
hotjar.io,hotjar.io,Other / Unknown,6,0.62
intentsify.io,intentsify.io,Other / Unknown,6,0.62
visx.net,visx.net,Other / Unknown,6,0.62
influ2.com,influ2.com,Other / Unknown,6,0.62
mgaru.dev,mgaru.dev,Other / Unknown,6,0.62
mygaru.com,mygaru.com,Other / Unknown,6,0.62
siteimproveanalytics.io,siteimproveanalytics.io,Other / Unknown,6,0.62
boltdns.net,boltdns.net,Other / Unknown,6,0.62
vk-portal.net,vk-portal.net,Other / Unknown,6,0.62
aidata.io,aidata.io,Other / Unknown,6,0.62
mradx.net,mradx.net,Other / Unknown,6,0.62
weborama-tech.ru,weborama-tech.ru,Other / Unknown,6,0.62
baidu.com,baidu.com,Other / Unknown,5,0.51
tvpixel.com,tvpixel.com,Other / Unknown,5,0.51
posthog.com,posthog.com,Other / Unknown,5,0.51
cr-relay.com,cr-relay.com,Other / Unknown,5,0.51
brightcovecdn.com,brightcovecdn.com,Other / Unknown,5,0.51
ensighten.com,ensighten.com,Other / Unknown,5,0.51
reson8.com,reson8.com,Other / Unknown,5,0.51
coveo.com,coveo.com,Other / Unknown,5,0.51
gamoshi.io,gamoshi.io,Other / Unknown,5,0.51
adtelligent.com,adtelligent.com,Other / Unknown,5,0.51
smartytouch.co,smartytouch.co,Other / Unknown,5,0.51
ipify.org,ipify.org,Other / Unknown,5,0.51
hubspotusercontent-na1.net,hubspotusercontent-na1.net,Other / Unknown,5,0.51
fonts.net,fonts.net,Other / Unknown,5,0.51
adswizz.com,adswizz.com,Other / Unknown,5,0.51
hubspotonwebflow.com,hubspotonwebflow.com,Other / Unknown,5,0.51
sundaysky.com,sundaysky.com,Other / Unknown,5,0.51
targetads.io,targetads.io,Other / Unknown,5,0.51
pgammedia.com,pgammedia.com,Other / Unknown,5,0.51
github.com,github.com,Other / Unknown,5,0.51
schemaapp.com,schemaapp.com,Other / Unknown,5,0.51
wp.pl,wp.pl,Other / Unknown,5,0.51
clearbit.com,clearbit.com,Other / Unknown,5,0.51
outcomes.net,outcomes.net,Other / Unknown,5,0.51
wistia.net,wistia.net,Other / Unknown,5,0.51
sanity.io,sanity.io,Other / Unknown,5,0.51
office.net,office.net,Other / Unknown,5,0.51
co.jp,co.jp,Other / Unknown,5,0.51
rtbwise.com,rtbwise.com,Other / Unknown,5,0.51
dxtech.ai,dxtech.ai,Other / Unknown,5,0.51
colossusssp.com,colossusssp.com,Other / Unknown,5,0.51
mixpanel.com,Mixpanel,Analytics,5,0.51
optable.co,optable.co,Other / Unknown,5,0.51
alicdn.com,alicdn.com,Other / Unknown,5,0.51
al-adtech.com,al-adtech.com,Other / Unknown,5,0.51
mxpnl.com,mxpnl.com,Other / Unknown,5,0.51
hockeystack.com,hockeystack.com,Other / Unknown,5,0.51
wp.com,wp.com,Other / Unknown,5,0.51
bouncex.net,bouncex.net,Other / Unknown,5,0.51
onelink.me,onelink.me,Other / Unknown,5,0.51
appsflyersdk.com,appsflyersdk.com,Other / Unknown,5,0.51
wknd.ai,wknd.ai,Other / Unknown,5,0.51
cadent.com,cadent.com,Other / Unknown,5,0.51
mediawallahscript.com,mediawallahscript.com,Other / Unknown,5,0.51
dstillery.com,dstillery.com,Other / Unknown,5,0.51
tru.am,tru.am,Other / Unknown,5,0.51
metadata.io,metadata.io,Other / Unknown,5,0.51
conviva.com,conviva.com,Other / Unknown,4,0.41
appsflyer.com,appsflyer.com,Other / Unknown,4,0.41
stbid.ru,stbid.ru,Other / Unknown,4,0.41
bumlam.com,bumlam.com,Other / Unknown,4,0.41
msauth.net,msauth.net,Other / Unknown,4,0.41
securedvisit.com,securedvisit.com,Other / Unknown,4,0.41
lkqd.net,lkqd.net,Other / Unknown,4,0.41
script.ac,script.ac,Other / Unknown,4,0.41
instagram.com,instagram.com,Other / Unknown,4,0.41
stickyadstv.com,stickyadstv.com,Other / Unknown,4,0.41
newsroom.bi,newsroom.bi,Other / Unknown,4,0.41
mts.ru,mts.ru,Other / Unknown,4,0.41
3gl.net,3gl.net,Other / Unknown,4,0.41
appboycdn.com,appboycdn.com,Other / Unknown,4,0.41
impactradius-event.com,impactradius-event.com,Other / Unknown,4,0.41
cloudinary.com,cloudinary.com,Other / Unknown,4,0.41
apollo.io,apollo.io,Other / Unknown,4,0.41
techtarget.com,techtarget.com,Other / Unknown,4,0.41
youtube-nocookie.com,youtube-nocookie.com,Other / Unknown,4,0.41
weglot.com,weglot.com,Other / Unknown,4,0.41
convertexperiments.com,convertexperiments.com,Other / Unknown,4,0.41
en25.com,en25.com,Other / Unknown,4,0.41
heap-api.com,heap-api.com,Other / Unknown,4,0.41
bidvol.com,bidvol.com,Other / Unknown,4,0.41
twimg.com,twimg.com,Other / Unknown,4,0.41
activemetering.com,activemetering.com,Other / Unknown,4,0.41
vaultdcr.com,vaultdcr.com,Other / Unknown,4,0.41
adn.cloud,adn.cloud,Other / Unknown,4,0.41
bc0a.com,bc0a.com,Other / Unknown,4,0.41
kimberlite.io,kimberlite.io,Other / Unknown,4,0.41
polyfill-fastly.io,polyfill-fastly.io,Other / Unknown,4,0.41
braze.com,braze.com,Other / Unknown,4,0.41
dzeninfra.ru,dzeninfra.ru,Other / Unknown,4,0.41
upravel.com,upravel.com,Other / Unknown,4,0.41
forter.com,forter.com,Other / Unknown,4,0.41
rutarget.ru,rutarget.ru,Other / Unknown,4,0.41
ggpht.com,ggpht.com,Other / Unknown,4,0.41
mutinycdn.com,mutinycdn.com,Other / Unknown,4,0.41
streamrail.com,streamrail.com,Other / Unknown,4,0.41
tvspix.com,tvspix.com,Other / Unknown,4,0.41
mczbf.com,mczbf.com,Other / Unknown,4,0.41
rtactivate.com,rtactivate.com,Other / Unknown,4,0.41
bendingspoons.com,bendingspoons.com,Other / Unknown,4,0.41
taobao.com,taobao.com,Other / Unknown,4,0.41
mmstat.com,mmstat.com,Other / Unknown,4,0.41
dzen.ru,dzen.ru,Other / Unknown,4,0.41
navattic.com,navattic.com,Other / Unknown,4,0.41
alibaba.com,alibaba.com,Other / Unknown,4,0.41
eqads.com,eqads.com,Other / Unknown,4,0.41
captcha-delivery.com,captcha-delivery.com,Other / Unknown,4,0.41
adobe.com,adobe.com,Other / Unknown,4,0.41
cdnwidget.com,cdnwidget.com,Other / Unknown,4,0.41
cdnbasket.net,cdnbasket.net,Other / Unknown,4,0.41
mgln.ai,mgln.ai,Other / Unknown,4,0.41
tealiumiq.com,Tealium,Tag Management,4,0.41
weborama.fr,weborama.fr,Other / Unknown,4,0.41
hcn.health,hcn.health,Other / Unknown,4,0.41
lhmos.com,lhmos.com,Other / Unknown,4,0.41
digitaltarget.ru,digitaltarget.ru,Other / Unknown,4,0.41
adoberesources.net,adoberesources.net,Other / Unknown,4,0.41
mutinyhq.io,mutinyhq.io,Other / Unknown,4,0.41
githubusercontent.com,githubusercontent.com,Other / Unknown,4,0.41
consentmanager.net,consentmanager.net,Other / Unknown,4,0.41
brightcove.net,brightcove.net,Other / Unknown,4,0.41
p-n.io,p-n.io,Other / Unknown,4,0.41
mparticle.com,mparticle.com,Other / Unknown,4,0.41
usemessages.com,usemessages.com,Other / Unknown,4,0.41
brand-display.com,brand-display.com,Other / Unknown,4,0.41
bcebos.com,bcebos.com,Other / Unknown,4,0.41
pardot.com,pardot.com,Other / Unknown,4,0.41
pangle-ads.com,pangle-ads.com,Other / Unknown,4,0.41
adex-rtb.com,adex-rtb.com,Other / Unknown,4,0.41
aralego.com,aralego.com,Other / Unknown,4,0.41
medallia.com,medallia.com,Other / Unknown,4,0.41
dotmetrics.net,dotmetrics.net,Other / Unknown,4,0.41
fbcdn.net,fbcdn.net,Other / Unknown,3,0.31
treasuredata.com,treasuredata.com,Other / Unknown,3,0.31
evgnet.com,evgnet.com,Other / Unknown,3,0.31
gbqofs.com,gbqofs.com,Other / Unknown,3,0.31
ay.delivery,ay.delivery,Other / Unknown,3,0.31
impact-ad.jp,impact-ad.jp,Other / Unknown,3,0.31
researchnow.com,researchnow.com,Other / Unknown,3,0.31
partnerstack.com,partnerstack.com,Other / Unknown,3,0.31
aswpsdkus.com,aswpsdkus.com,Other / Unknown,3,0.31
live-video.net,live-video.net,Other / Unknown,3,0.31
pstatic.net,pstatic.net,Other / Unknown,3,0.31
clientgear.com,clientgear.com,Other / Unknown,3,0.31
baidustatic.com,baidustatic.com,Other / Unknown,3,0.31
mouseflow.com,mouseflow.com,Other / Unknown,3,0.31
polarcdn-terrax.com,polarcdn-terrax.com,Other / Unknown,3,0.31
podscribe.com,podscribe.com,Other / Unknown,3,0.31
kameleoon.io,kameleoon.io,Other / Unknown,3,0.31
intellimize.co,intellimize.co,Other / Unknown,3,0.31
clickcease.com,clickcease.com,Other / Unknown,3,0.31
126.net,126.net,Other / Unknown,3,0.31
static.microsoft,static.microsoft,Other / Unknown,3,0.31
clrt.ai,clrt.ai,Other / Unknown,3,0.31
mailchimp.com,mailchimp.com,Other / Unknown,3,0.31
yandexcloud.net,yandexcloud.net,Other / Unknown,3,0.31
jwplayer.com,jwplayer.com,Other / Unknown,3,0.31
nextdoor.com,nextdoor.com,Other / Unknown,3,0.31
mindbox.ru,mindbox.ru,Other / Unknown,3,0.31
heapanalytics.com,heapanalytics.com,Other / Unknown,3,0.31
everestjs.net,everestjs.net,Other / Unknown,3,0.31
kaltura.com,kaltura.com,Other / Unknown,3,0.31
npttech.com,npttech.com,Other / Unknown,3,0.31
iesnare.com,iesnare.com,Other / Unknown,3,0.31
pocustrack.com,pocustrack.com,Other / Unknown,3,0.31
algolia.net,algolia.net,Other / Unknown,3,0.31
startappnetwork.com,startappnetwork.com,Other / Unknown,3,0.31
userway.org,userway.org,Other / Unknown,3,0.31
oracle.com,oracle.com,Other / Unknown,3,0.31
serverbid.com,serverbid.com,Other / Unknown,3,0.31
tappx.com,tappx.com,Other / Unknown,3,0.31
ebaystatic.com,ebaystatic.com,Other / Unknown,3,0.31
gigya.com,gigya.com,Other / Unknown,3,0.31
onetrust.io,onetrust.io,Other / Unknown,3,0.31
nexx360.io,nexx360.io,Other / Unknown,3,0.31
ebayimg.com,ebayimg.com,Other / Unknown,3,0.31
adspector.io,adspector.io,Other / Unknown,3,0.31
localizeapi.com,localizeapi.com,Other / Unknown,3,0.31
decibelinsight.net,decibelinsight.net,Other / Unknown,3,0.31
mplat-ppcprotect.com,mplat-ppcprotect.com,Other / Unknown,3,0.31
pdscrb.com,pdscrb.com,Other / Unknown,3,0.31
userapi.com,userapi.com,Other / Unknown,3,0.31
tsdtocl.com,tsdtocl.com,Other / Unknown,3,0.31
new-programmatic.com,new-programmatic.com,Other / Unknown,3,0.31
datadome.co,datadome.co,Other / Unknown,3,0.31
bamgrid.com,bamgrid.com,Other / Unknown,3,0.31
dynotech.io,dynotech.io,Other / Unknown,3,0.31
streamtheworld.com,streamtheworld.com,Other / Unknown,3,0.31
infolinks.com,infolinks.com,Other / Unknown,3,0.31
adition.com,adition.com,Other / Unknown,3,0.31
ad-score.com,ad-score.com,Other / Unknown,3,0.31
sophi.io,sophi.io,Other / Unknown,3,0.31
telegram.org,telegram.org,Other / Unknown,3,0.31
rakuten.com,rakuten.com,Other / Unknown,3,0.31
co.uk,co.uk,Other / Unknown,3,0.31
geoedge.be,geoedge.be,Other / Unknown,3,0.31
viafoura.net,viafoura.net,Other / Unknown,3,0.31
html-load.cc,html-load.cc,Other / Unknown,3,0.31
cisco.com,cisco.com,Other / Unknown,3,0.31
bricks-co.com,bricks-co.com,Other / Unknown,3,0.31
adotmob.com,adotmob.com,Other / Unknown,3,0.31
lpsnmedia.net,lpsnmedia.net,Other / Unknown,3,0.31
liveperson.net,liveperson.net,Other / Unknown,3,0.31
getrockerbox.com,getrockerbox.com,Other / Unknown,3,0.31
aplo-evnt.com,aplo-evnt.com,Other / Unknown,3,0.31
cq0.co,cq0.co,Other / Unknown,3,0.31
viafoura.co,viafoura.co,Other / Unknown,3,0.31
pub.network,pub.network,Other / Unknown,3,0.31
plausible.io,plausible.io,Other / Unknown,3,0.31
launchdarkly.com,launchdarkly.com,Other / Unknown,3,0.31
intercomcdn.com,intercomcdn.com,Other / Unknown,3,0.31
adhaven.com,adhaven.com,Other / Unknown,3,0.31
intercom.io,intercom.io,Other / Unknown,3,0.31
travelaudience.com,travelaudience.com,Other / Unknown,3,0.31
zephr.com,zephr.com,Other / Unknown,3,0.31
mi-img.com,mi-img.com,Other / Unknown,3,0.31
pure.cloud,pure.cloud,Other / Unknown,3,0.31
datagrail.io,datagrail.io,Other / Unknown,3,0.31
ccgateway.net,ccgateway.net,Other / Unknown,3,0.31
bugsnag.com,bugsnag.com,Other / Unknown,3,0.31
pro-market.net,pro-market.net,Other / Unknown,3,0.31
clean.gg,clean.gg,Other / Unknown,3,0.31
wordpress.com,wordpress.com,Other / Unknown,3,0.31
getlimy.ai,getlimy.ai,Other / Unknown,3,0.31
webflow.services,webflow.services,Other / Unknown,3,0.31
com.br,com.br,Other / Unknown,3,0.31
blueconic.net,blueconic.net,Other / Unknown,3,0.31
ojrq.net,ojrq.net,Other / Unknown,3,0.31
bfbmjmiodbnnpllbbbfblcplfjjepjdn,bfbmjmiodbnnpllbbbfblcplfjjepjdn,Other / Unknown,2,0.21
mfidniedemcgceagapgdekdbmanojomk,mfidniedemcgceagapgdekdbmanojomk,Other / Unknown,2,0.21
clarium.io,clarium.io,Other / Unknown,2,0.21
salesloft.com,salesloft.com,Other / Unknown,2,0.21
adxcel-ec2.com,adxcel-ec2.com,Other / Unknown,2,0.21
geistm.com,geistm.com,Other / Unknown,2,0.21
outbrainimg.com,outbrainimg.com,Other / Unknown,2,0.21
attn.tv,attn.tv,Other / Unknown,2,0.21
ns1pcdn.net,ns1pcdn.net,Other / Unknown,2,0.21
claydar.com,claydar.com,Other / Unknown,2,0.21
wandzcdn.com,wandzcdn.com,Other / Unknown,2,0.21
pricespider.com,pricespider.com,Other / Unknown,2,0.21
hfapbcheiepjppjbnkphkmegjlipojba,hfapbcheiepjppjbnkphkmegjlipojba,Other / Unknown,2,0.21
sitelabweb.com,sitelabweb.com,Other / Unknown,2,0.21
apple.com,apple.com,Other / Unknown,2,0.21
sinajs.cn,sinajs.cn,Other / Unknown,2,0.21
rtbsystem.com,rtbsystem.com,Other / Unknown,2,0.21
ebxcdn.com,ebxcdn.com,Other / Unknown,2,0.21
emalgedpdlghbkikiaeocoblajamonoh,emalgedpdlghbkikiaeocoblajamonoh,Other / Unknown,2,0.21
dmghijelimhndkbmpgbldicpogfkceaj,dmghijelimhndkbmpgbldicpogfkceaj,Other / Unknown,2,0.21
vkuser.net,vkuser.net,Other / Unknown,2,0.21
aditude.io,aditude.io,Other / Unknown,2,0.21
vkvideo.ru,vkvideo.ru,Other / Unknown,2,0.21
garena.com,garena.com,Other / Unknown,2,0.21
sinaimg.cn,sinaimg.cn,Other / Unknown,2,0.21
cdninstagram.com,cdninstagram.com,Other / Unknown,2,0.21
transifex.com,transifex.com,Other / Unknown,2,0.21
transifex.net,transifex.net,Other / Unknown,2,0.21
rmtag.com,rmtag.com,Other / Unknown,2,0.21
nmgassets.com,nmgassets.com,Other / Unknown,2,0.21
line-scdn.net,line-scdn.net,Other / Unknown,2,0.21
visualstudio.com,visualstudio.com,Other / Unknown,2,0.21
intuitcdn.net,intuitcdn.net,Other / Unknown,2,0.21
telekom.com,telekom.com,Other / Unknown,2,0.21
tsheets.com,tsheets.com,Other / Unknown,2,0.21
cpmstar.com,cpmstar.com,Other / Unknown,2,0.21
confirmit.com,confirmit.com,Other / Unknown,2,0.21
quickbooksconnect.com,quickbooksconnect.com,Other / Unknown,2,0.21
firmofthefuture.com,firmofthefuture.com,Other / Unknown,2,0.21
evidon.com,evidon.com,Other / Unknown,2,0.21
rbstsystems.live,rbstsystems.live,Other / Unknown,2,0.21
liftoff.ai,liftoff.ai,Other / Unknown,2,0.21
ebay.com,ebay.com,Other / Unknown,2,0.21
vrtcal.com,vrtcal.com,Other / Unknown,2,0.21
mediav.com,mediav.com,Other / Unknown,2,0.21
btttag.com,btttag.com,Other / Unknown,2,0.21
clearbitjs.com,clearbitjs.com,Other / Unknown,2,0.21
invoca.net,invoca.net,Other / Unknown,2,0.21
shopeemobile.com,shopeemobile.com,Other / Unknown,2,0.21
opti-digital.com,opti-digital.com,Other / Unknown,2,0.21
espn.com,espn.com,Other / Unknown,2,0.21
bidberry.net,bidberry.net,Other / Unknown,2,0.21
opecloud.com,opecloud.com,Other / Unknown,2,0.21
episerver.net,episerver.net,Other / Unknown,2,0.21
smartytech.io,smartytech.io,Other / Unknown,2,0.21
noibu.com,noibu.com,Other / Unknown,2,0.21
sprig.com,sprig.com,Other / Unknown,2,0.21
paypalobjects.com,paypalobjects.com,Other / Unknown,2,0.21
cloud.gov,cloud.gov,Other / Unknown,2,0.21
nopjifljihndhkfeogabcclpgpceapln,nopjifljihndhkfeogabcclpgpceapln,Other / Unknown,2,0.21
ns1p.net,ns1p.net,Other / Unknown,2,0.21
bfnaelmomeimhlpmgjnjophhpkkoljpa,bfnaelmomeimhlpmgjnjophhpkkoljpa,Other / Unknown,2,0.21
veritonic.com,veritonic.com,Other / Unknown,2,0.21
wandzapi.com,wandzapi.com,Other / Unknown,2,0.21
netflix.com,netflix.com,Other / Unknown,2,0.21
dcdiajifnnbipfljbggcbbheipfdmgpo,dcdiajifnnbipfljbggcbbheipfdmgpo,Other / Unknown,2,0.21
arttrk.com,arttrk.com,Other / Unknown,2,0.21
clipcentric.com,clipcentric.com,Other / Unknown,2,0.21
varify.io,varify.io,Other / Unknown,2,0.21
fastly-insights.com,fastly-insights.com,Other / Unknown,2,0.21
bflolcmnokpcochfhappdfipeficedjf,bflolcmnokpcochfhappdfipeficedjf,Other / Unknown,2,0.21
lpfcbjknijpeeillifnkikgncikgfhdo,lpfcbjknijpeeillifnkikgncikgfhdo,Other / Unknown,2,0.21
ssqt.io,ssqt.io,Other / Unknown,2,0.21
assemblyexchange.com,assemblyexchange.com,Other / Unknown,2,0.21
veritonicmetrics.com,veritonicmetrics.com,Other / Unknown,2,0.21
auth0.com,auth0.com,Other / Unknown,2,0.21
uncn.jp,uncn.jp,Other / Unknown,2,0.21
ib-ibi.com,ib-ibi.com,Other / Unknown,2,0.21
hubspotfeedback.com,hubspotfeedback.com,Other / Unknown,2,0.21
lokadhdaghfjbmailhhenifjejpokche,lokadhdaghfjbmailhhenifjejpokche,Other / Unknown,2,0.21
eoolfmmapnkhandljfaaofncecfakljd,eoolfmmapnkhandljfaaofncecfakljd,Other / Unknown,2,0.21
partnerlinks.io,partnerlinks.io,Other / Unknown,2,0.21
online-metrix.net,online-metrix.net,Other / Unknown,2,0.21
siteperformancetest.net,siteperformancetest.net,Other / Unknown,2,0.21
optidigital.com,optidigital.com,Other / Unknown,2,0.21
sprinklr.com,sprinklr.com,Other / Unknown,2,0.21
grsm.io,grsm.io,Other / Unknown,2,0.21
beeline.ru,beeline.ru,Other / Unknown,2,0.21
hnfanknocfeofbddgcijnmhnfnkdnaad,hnfanknocfeofbddgcijnmhnfnkdnaad,Other / Unknown,2,0.21
clicktale.net,clicktale.net,Other / Unknown,2,0.21
intellimizeio.com,intellimizeio.com,Other / Unknown,2,0.21
pusher.com,pusher.com,Other / Unknown,2,0.21
alncdjedloppbablonallfbkeiknmkdi,alncdjedloppbablonallfbkeiknmkdi,Other / Unknown,2,0.21
inoeonmfapjbbkmdafoankkfajkcphgd,inoeonmfapjbbkmdafoankkfajkcphgd,Other / Unknown,2,0.21
digitaloceanspaces.com,digitaloceanspaces.com,Other / Unknown,2,0.21
jfoanacamkbfibjbidbmeobmnndfgpca,jfoanacamkbfibjbidbmeobmnndfgpca,Other / Unknown,2,0.21
50.55,50.55,Other / Unknown,2,0.21
cdndex.io,cdndex.io,Other / Unknown,2,0.21
usonar.jp,usonar.jp,Other / Unknown,2,0.21
ceros.com,ceros.com,Other / Unknown,2,0.21
invocacdn.com,invocacdn.com,Other / Unknown,2,0.21
survicate-cdn.com,survicate-cdn.com,Other / Unknown,2,0.21
prebid.cloud,prebid.cloud,Other / Unknown,2,0.21
ml-api.io,ml-api.io,Other / Unknown,2,0.21
bfgdeiadkckfbkeigkoncpdieiiefpig,bfgdeiadkckfbkeigkoncpdieiiefpig,Other / Unknown,2,0.21
fn-pz.com,fn-pz.com,Other / Unknown,2,0.21
prismic.io,prismic.io,Other / Unknown,2,0.21
signalfx.com,signalfx.com,Other / Unknown,2,0.21
go.com,go.com,Other / Unknown,2,0.21
clearbitscripts.com,clearbitscripts.com,Other / Unknown,2,0.21
survicate.com,survicate.com,Other / Unknown,2,0.21
bcocdbombenodlegijagbhdjbifpiijp,bcocdbombenodlegijagbhdjbifpiijp,Other / Unknown,2,0.21
ubembed.com,ubembed.com,Other / Unknown,2,0.21
marphezis.com,marphezis.com,Other / Unknown,2,0.21
sfdcstatic.com,sfdcstatic.com,Other / Unknown,2,0.21
sfdcdigital.com,sfdcdigital.com,Other / Unknown,2,0.21
pbnndmlekkboofhnbonilimejonapojg,pbnndmlekkboofhnbonilimejonapojg,Other / Unknown,2,0.21
bkmemecbbfhmgcmfhkjlmdkodfbfponb,bkmemecbbfhmgcmfhkjlmdkodfbfponb,Other / Unknown,2,0.21
flvcdn.net,flvcdn.net,Other / Unknown,2,0.21
kkpllkodjeloidieedojogacfhpaihoh,kkpllkodjeloidieedojogacfhpaihoh,Other / Unknown,2,0.21
easyling.com,easyling.com,Other / Unknown,2,0.21
dagdlcijhfbmgkjokkjicnnfimlebcll,dagdlcijhfbmgkjokkjicnnfimlebcll,Other / Unknown,2,0.21
steamstatic.com,steamstatic.com,Other / Unknown,2,0.21
gfkpklgmocbcbdabfellcnikamdaeajd,gfkpklgmocbcbdabfellcnikamdaeajd,Other / Unknown,2,0.21
kgjfgplpablkjnlkjmjdecgdpfankdle,kgjfgplpablkjnlkjmjdecgdpfankdle,Other / Unknown,2,0.21
lifbcibllhkdhoafpjfnlhfpfgnpldfl,lifbcibllhkdhoafpjfnlhfpfgnpldfl,Other / Unknown,2,0.21
xg4ken.com,xg4ken.com,Other / Unknown,2,0.21
bbpjcfkgapecndkanjcojnldopjlnmjk,bbpjcfkgapecndkanjcojnldopjlnmjk,Other / Unknown,2,0.21
nenlahapcbofgnanklpelkaejcehkggg,nenlahapcbofgnanklpelkaejcehkggg,Other / Unknown,2,0.21
jjfblogammkiefalfpafidabbnamoknm,jjfblogammkiefalfpafidabbnamoknm,Other / Unknown,2,0.21
maekfnoeejhpjfkfmdlckioggdcdofpg,maekfnoeejhpjfkfmdlckioggdcdofpg,Other / Unknown,2,0.21
appcnhiefcidclcdjeahgklghghihfok,appcnhiefcidclcdjeahgklghghihfok,Other / Unknown,2,0.21
gpdjojdkbbmdfjfahjcgigfpmkopogic,gpdjojdkbbmdfjfahjcgigfpmkopogic,Other / Unknown,2,0.21
aditude.cloud,aditude.cloud,Other / Unknown,2,0.21
brightspotcdn.com,brightspotcdn.com,Other / Unknown,2,0.21
hcglieiegpckeibpgbiikpbmaofgcpaa,hcglieiegpckeibpgbiikpbmaofgcpaa,Other / Unknown,2,0.21
aelgobmabdmlfmiblddjfnjodalhidnn,aelgobmabdmlfmiblddjfnjodalhidnn,Other / Unknown,2,0.21
doppiocdn.com,doppiocdn.com,Other / Unknown,2,0.21
jlhmfgmfgeifomenelglieieghnjghma,jlhmfgmfgeifomenelglieieghnjghma,Other / Unknown,2,0.21
ottadvisors.com,ottadvisors.com,Other / Unknown,2,0.21
perflib.com,perflib.com,Other / Unknown,2,0.21
mi.com,mi.com,Other / Unknown,2,0.21
openwebmedia.org,openwebmedia.org,Other / Unknown,2,0.21
mercadolibre.com,mercadolibre.com,Other / Unknown,2,0.21
meli.com,meli.com,Other / Unknown,2,0.21
newfold.com,newfold.com,Other / Unknown,2,0.21
appmifile.com,appmifile.com,Other / Unknown,2,0.21
xiaomi.net,xiaomi.net,Other / Unknown,2,0.21
yellowmessenger.com,yellowmessenger.com,Other / Unknown,2,0.21
yellow.ai,yellow.ai,Other / Unknown,2,0.21
framer.com,framer.com,Other / Unknown,2,0.21
knotch.com,knotch.com,Other / Unknown,2,0.21
framerusercontent.com,framerusercontent.com,Other / Unknown,2,0.21
framerstatic.com,framerstatic.com,Other / Unknown,2,0.21
smartnews-ads.com,smartnews-ads.com,Other / Unknown,2,0.21
web.de,web.de,Other / Unknown,2,0.21
gmx.net,gmx.net,Other / Unknown,2,0.21
axelspringer.de,axelspringer.de,Other / Unknown,2,0.21
greenvideo.io,greenvideo.io,Other / Unknown,2,0.21
asadcdn.com,asadcdn.com,Other / Unknown,2,0.21
knotch-cdn.com,knotch-cdn.com,Other / Unknown,2,0.21
knotch.it,knotch.it,Other / Unknown,2,0.21
imgsmail.ru,imgsmail.ru,Other / Unknown,2,0.21
tiktokv.us,tiktokv.us,Other / Unknown,2,0.21
px-cdn.net,px-cdn.net,Other / Unknown,2,0.21
whatsapp.com,whatsapp.com,Other / Unknown,2,0.21
whatsapp.net,whatsapp.net,Other / Unknown,2,0.21
px-client.net,px-client.net,Other / Unknown,2,0.21
crcldu.com,crcldu.com,Other / Unknown,2,0.21
perimeterx.net,perimeterx.net,Other / Unknown,2,0.21
gemius.pl,gemius.pl,Other / Unknown,2,0.21
aliapp.org,aliapp.org,Other / Unknown,2,0.21
tiktokcdn-us.com,tiktokcdn-us.com,Other / Unknown,2,0.21
mercadoclics.com,mercadoclics.com,Other / Unknown,2,0.21
profitwell.com,profitwell.com,Other / Unknown,2,0.21
aliyun.com,aliyun.com,Other / Unknown,2,0.21
maze.co,maze.co,Other / Unknown,2,0.21
paddle.com,paddle.com,Other / Unknown,2,0.21
alibabacloud.com,alibabacloud.com,Other / Unknown,2,0.21
daumcdn.net,daumcdn.net,Other / Unknown,2,0.21
aliyuncs.com,aliyuncs.com,Other / Unknown,2,0.21
mlstatic.com,mlstatic.com,Other / Unknown,2,0.21
gpmdata.ru,gpmdata.ru,Other / Unknown,2,0.21
nextmillmedia.com,nextmillmedia.com,Other / Unknown,2,0.21
afront.io,afront.io,Other / Unknown,2,0.21
branch.io,branch.io,Other / Unknown,2,0.21
atl-paas.net,atl-paas.net,Other / Unknown,2,0.21
bazaarvoice.com,bazaarvoice.com,Other / Unknown,2,0.21
omappapi.com,omappapi.com,Other / Unknown,2,0.21
msecnd.net,msecnd.net,Other / Unknown,2,0.21
t13.io,t13.io,Other / Unknown,2,0.21
rapidedge.io,rapidedge.io,Other / Unknown,2,0.21
optimise.net,optimise.net,Other / Unknown,2,0.21
skimresources.com,skimresources.com,Other / Unknown,2,0.21
civiccomputing.com,civiccomputing.com,Other / Unknown,2,0.21
responsiveads.com,responsiveads.com,Other / Unknown,2,0.21
pathfactory.com,pathfactory.com,Other / Unknown,2,0.21
altmetric.com,altmetric.com,Other / Unknown,2,0.21
b2c.com,b2c.com,Other / Unknown,2,0.21
naver.net,naver.net,Other / Unknown,2,0.21
dianomi.com,dianomi.com,Other / Unknown,2,0.21
infinigrow.com,infinigrow.com,Other / Unknown,2,0.21
naver.com,naver.com,Other / Unknown,2,0.21
springernature.com,springernature.com,Other / Unknown,2,0.21
orangelogic.com,orangelogic.com,Other / Unknown,2,0.21
dynatrace.com,dynatrace.com,Other / Unknown,2,0.21
shopify.com,shopify.com,Other / Unknown,2,0.21
upsellit.com,upsellit.com,Other / Unknown,2,0.21
cachefly.net,cachefly.net,Other / Unknown,2,0.21
cludo.com,cludo.com,Other / Unknown,2,0.21
nflximg.net,nflximg.net,Other / Unknown,2,0.21
chatgpt.com,chatgpt.com,Other / Unknown,2,0.21
edigitalsurvey.com,edigitalsurvey.com,Other / Unknown,2,0.21
covatic.io,covatic.io,Other / Unknown,2,0.21
nflxso.net,nflxso.net,Other / Unknown,2,0.21
nflxext.com,nflxext.com,Other / Unknown,2,0.21
glancecdn.net,glancecdn.net,Other / Unknown,2,0.21
iteratehq.com,iteratehq.com,Other / Unknown,2,0.21
hs-sites.com,hs-sites.com,Other / Unknown,2,0.21
azureedge.net,azureedge.net,Other / Unknown,2,0.21
liveperson.com,liveperson.com,Other / Unknown,2,0.21
bluecava.com,bluecava.com,Other / Unknown,2,0.21
jwpcdn.com,jwpcdn.com,Other / Unknown,2,0.21
nc0.co,nc0.co,Other / Unknown,2,0.21
app.link,app.link,Other / Unknown,2,0.21
com.cn,com.cn,Other / Unknown,2,0.21
pcdn.co,pcdn.co,Other / Unknown,2,0.21
targetrtb.com,targetrtb.com,Other / Unknown,2,0.21
ahrefs.com,ahrefs.com,Other / Unknown,2,0.21
arcspire.io,arcspire.io,Other / Unknown,2,0.21
abtasty.com,abtasty.com,Other / Unknown,2,0.21
serving-sys.ru,serving-sys.ru,Other / Unknown,2,0.21
calibermind.com,calibermind.com,Other / Unknown,2,0.21
bidderstack.com,bidderstack.com,Other / Unknown,2,0.21
mpartner.digital,mpartner.digital,Other / Unknown,2,0.21
yieldlove-ad-serving.net,yieldlove-ad-serving.net,Other / Unknown,2,0.21
myweb3id.io,myweb3id.io,Other / Unknown,2,0.21
whiteboxdigital.ru,whiteboxdigital.ru,Other / Unknown,2,0.21
rtbwave.com,rtbwave.com,Other / Unknown,2,0.21
onetarget.ru,onetarget.ru,Other / Unknown,2,0.21
intent.ai,intent.ai,Other / Unknown,2,0.21
uuidksinc.net,uuidksinc.net,Other / Unknown,2,0.21
shopnetic.com,shopnetic.com,Other / Unknown,2,0.21
linkssp.ru,linkssp.ru,Other / Unknown,2,0.21
gonet-ads.com,gonet-ads.com,Other / Unknown,2,0.21
smartcallback.ru,smartcallback.ru,Other / Unknown,2,0.21
ttarget.ru,ttarget.ru,Other / Unknown,2,0.21
1dmp.io,1dmp.io,Other / Unknown,2,0.21
4dex.io,4dex.io,Other / Unknown,2,0.21
mos.ru,mos.ru,Other / Unknown,2,0.21
wi-fi.ru,wi-fi.ru,Other / Unknown,2,0.21
a47b.com,a47b.com,Other / Unknown,2,0.21
jwpsrv.com,jwpsrv.com,Other / Unknown,2,0.21
adspend.space,adspend.space,Other / Unknown,2,0.21
0.1,0.1,Other / Unknown,2,0.21
afp.ai,afp.ai,Other / Unknown,2,0.21
rambler.ru,rambler.ru,Other / Unknown,2,0.21
top100.ru,top100.ru,Other / Unknown,2,0.21
sber.ru,sber.ru,Other / Unknown,2,0.21
gdtimg.com,gdtimg.com,Other / Unknown,2,0.21
sberbank.ru,sberbank.ru,Other / Unknown,2,0.21
discord.com,discord.com,Other / Unknown,2,0.21
discordapp.com,discordapp.com,Other / Unknown,2,0.21
ad-tech.ru,ad-tech.ru,Other / Unknown,2,0.21
salesforce-scrt.com,salesforce-scrt.com,Other / Unknown,2,0.21
site.com,site.com,Other / Unknown,2,0.21
ada.support,ada.support,Other / Unknown,2,0.21
parastorage.com,parastorage.com,Other / Unknown,2,0.21
anonymised.io,anonymised.io,Other / Unknown,2,0.21
oath.com,oath.com,Other / Unknown,2,0.21
rfihub.net,rfihub.net,Other / Unknown,2,0.21
2o7.net,Adobe,Analytics,2,0.21
sjv.io,sjv.io,Other / Unknown,2,0.21
polarcdn.com,polarcdn.com,Other / Unknown,2,0.21
plrsrvcs.com,plrsrvcs.com,Other / Unknown,2,0.21
cloudflarestream.com,cloudflarestream.com,Other / Unknown,2,0.21
polarcdn-engine.com,polarcdn-engine.com,Other / Unknown,2,0.21
concert.io,concert.io,Other / Unknown,2,0.21
adobe.io,adobe.io,Other / Unknown,2,0.21
admantx.com,admantx.com,Other / Unknown,2,0.21
krxd.net,krxd.net,Other / Unknown,2,0.21
fwpixel.com,fwpixel.com,Other / Unknown,2,0.21
wsimg.com,wsimg.com,Other / Unknown,2,0.21
sail-track.com,sail-track.com,Other / Unknown,2,0.21
evergage.com,evergage.com,Other / Unknown,2,0.21
salesforceliveagent.com,salesforceliveagent.com,Other / Unknown,2,0.21
rokt.com,rokt.com,Other / Unknown,2,0.21
pix.pub,pix.pub,Other / Unknown,2,0.21
zdassets.com,zdassets.com,Other / Unknown,2,0.21
vivo.com,vivo.com,Other / Unknown,2,0.21
usa.gov,usa.gov,Other / Unknown,2,0.21
pactsafe.io,pactsafe.io,Other / Unknown,2,0.21
soloway.ru,soloway.ru,Other / Unknown,2,0.21
ozone.ru,ozone.ru,Other / Unknown,1,0.1
nyt.com,nyt.com,Other / Unknown,1,0.1
nwtime.org,nwtime.org,Other / Unknown,1,0.1
jscloud.net,jscloud.net,Other / Unknown,1,0.1
woorank.com,woorank.com,Other / Unknown,1,0.1
selcdn.net,selcdn.net,Other / Unknown,1,0.1
mango-office.ru,mango-office.ru,Other / Unknown,1,0.1
smart-company365.com,smart-company365.com,Other / Unknown,1,0.1
onetrust.eu,onetrust.eu,Other / Unknown,1,0.1
uptime.com,uptime.com,Other / Unknown,1,0.1
pulsembed.eu,pulsembed.eu,Other / Unknown,1,0.1
raspaid.pl,raspaid.pl,Other / Unknown,1,0.1
ringpublishing.com,ringpublishing.com,Other / Unknown,1,0.1
expf.ru,expf.ru,Other / Unknown,1,0.1
uxfeedback.ru,uxfeedback.ru,Other / Unknown,1,0.1
rtbcdn.ru,rtbcdn.ru,Other / Unknown,1,0.1
ocdn.eu,ocdn.eu,Other / Unknown,1,0.1
dreamlab.pl,dreamlab.pl,Other / Unknown,1,0.1
silktide.com,silktide.com,Other / Unknown,1,0.1
sleeknote.com,sleeknote.com,Other / Unknown,1,0.1
magnite.com,magnite.com,Other / Unknown,1,0.1
rumola,rumola,Other / Unknown,1,0.1
2.105,2.105,Other / Unknown,1,0.1
cdn-vk.ru,cdn-vk.ru,Other / Unknown,1,0.1
statuspal.io,statuspal.io,Other / Unknown,1,0.1
pushpushgo.com,pushpushgo.com,Other / Unknown,1,0.1
cookiebot.eu,cookiebot.eu,Other / Unknown,1,0.1
lunio.ai,lunio.ai,Other / Unknown,1,0.1
powerrobotflower.com,powerrobotflower.com,Other / Unknown,1,0.1
salesmanago.com,salesmanago.com,Other / Unknown,1,0.1
ringieraxelspringer.tech,ringieraxelspringer.tech,Other / Unknown,1,0.1
marketo.com,marketo.com,Other / Unknown,1,0.1
onetag-cdn.com,onetag-cdn.com,Other / Unknown,1,0.1
twilio.com,twilio.com,Other / Unknown,1,0.1
group-cdn.one,group-cdn.one,Other / Unknown,1,0.1
leadspace.com,leadspace.com,Other / Unknown,1,0.1
umbrella.com,umbrella.com,Other / Unknown,1,0.1
scribdassets.com,scribdassets.com,Other / Unknown,1,0.1
burp,burp,Other / Unknown,1,0.1
one.com,one.com,Other / Unknown,1,0.1
getsentry.net,getsentry.net,Other / Unknown,1,0.1
frontify.com,frontify.com,Other / Unknown,1,0.1
operacdn.com,operacdn.com,Other / Unknown,1,0.1
elsevier.com,elsevier.com,Other / Unknown,1,0.1
marketlinc.com,marketlinc.com,Other / Unknown,1,0.1
okcdn.ru,okcdn.ru,Other / Unknown,1,0.1
pendo.io,pendo.io,Other / Unknown,1,0.1
ucdavis.edu,ucdavis.edu,Other / Unknown,1,0.1
sciencedirectassets.com,sciencedirectassets.com,Other / Unknown,1,0.1
ipdata.co,ipdata.co,Other / Unknown,1,0.1
lfeeder.com,lfeeder.com,Other / Unknown,1,0.1
slim02.jp,slim02.jp,Other / Unknown,1,0.1
gtimg.cn,gtimg.cn,Other / Unknown,1,0.1
rbxcdn.com,rbxcdn.com,Other / Unknown,1,0.1
javhdhello.com,javhdhello.com,Other / Unknown,1,0.1
stripchat.com,stripchat.com,Other / Unknown,1,0.1
sinparty.com,sinparty.com,Other / Unknown,1,0.1
bongacams11.com,bongacams11.com,Other / Unknown,1,0.1
rmhfrtnd.com,rmhfrtnd.com,Other / Unknown,1,0.1
chaturbate.com,chaturbate.com,Other / Unknown,1,0.1
storagexhd.com,storagexhd.com,Other / Unknown,1,0.1
pathtrck.website,pathtrck.website,Other / Unknown,1,0.1
erohub.com,erohub.com,Other / Unknown,1,0.1
trafficjunky.net,trafficjunky.net,Other / Unknown,1,0.1
trafficjunky.com,trafficjunky.com,Other / Unknown,1,0.1
phncdn.com,phncdn.com,Other / Unknown,1,0.1
inmobi-choice.io,inmobi-choice.io,Other / Unknown,1,0.1
poki.io,poki.io,Other / Unknown,1,0.1
poki-cdn.com,poki-cdn.com,Other / Unknown,1,0.1
lc-api.net,lc-api.net,Other / Unknown,1,0.1
medallia.eu,medallia.eu,Other / Unknown,1,0.1
btstatic.com,btstatic.com,Other / Unknown,1,0.1
bngtrak.com,bngtrak.com,Other / Unknown,1,0.1
bongacams.com,bongacams.com,Other / Unknown,1,0.1
pximg.net,pximg.net,Other / Unknown,1,0.1
razorpay.com,razorpay.com,Other / Unknown,1,0.1
qpic.cn,qpic.cn,Other / Unknown,1,0.1
gtimg.com,gtimg.com,Other / Unknown,1,0.1
smtcdns.com,smtcdns.com,Other / Unknown,1,0.1
microad.jp,microad.jp,Other / Unknown,1,0.1
sales-marker.jp,sales-marker.jp,Other / Unknown,1,0.1
synology.com,synology.com,Other / Unknown,1,0.1
udmserve.net,udmserve.net,Other / Unknown,1,0.1
quoracdn.net,quoracdn.net,Other / Unknown,1,0.1
demandscience.com,demandscience.com,Other / Unknown,1,0.1
tandeminspector.com,tandeminspector.com,Other / Unknown,1,0.1
omniconvert.com,omniconvert.com,Other / Unknown,1,0.1
r10s.jp,r10s.jp,Other / Unknown,1,0.1
statuspage.io,statuspage.io,Other / Unknown,1,0.1
ethicalads.io,ethicalads.io,Other / Unknown,1,0.1
zendesk.com,zendesk.com,Other / Unknown,1,0.1
pushy.me,pushy.me,Other / Unknown,1,0.1
cookiechimp.com,cookiechimp.com,Other / Unknown,1,0.1
cookiepro.com,cookiepro.com,Other / Unknown,1,0.1
errortrace.dev,errortrace.dev,Other / Unknown,1,0.1
eagllwin.com,eagllwin.com,Other / Unknown,1,0.1
magazines.com,magazines.com,Other / Unknown,1,0.1
australiarevival.com,australiarevival.com,Other / Unknown,1,0.1
builder.io,builder.io,Other / Unknown,1,0.1
lordicon.com,lordicon.com,Other / Unknown,1,0.1
gedidigital.it,gedidigital.it,Other / Unknown,1,0.1
browser-intake-us5-datadoghq.com,browser-intake-us5-datadoghq.com,Other / Unknown,1,0.1
repstatic.it,repstatic.it,Other / Unknown,1,0.1
ashbyhq.com,ashbyhq.com,Other / Unknown,1,0.1
kataweb.it,kataweb.it,Other / Unknown,1,0.1
gedi.it,gedi.it,Other / Unknown,1,0.1
flagcdn.com,flagcdn.com,Other / Unknown,1,0.1
gedistatic.it,gedistatic.it,Other / Unknown,1,0.1
iubenda.com,iubenda.com,Other / Unknown,1,0.1
rgstatic.net,rgstatic.net,Other / Unknown,1,0.1
luckyorange.net,luckyorange.net,Other / Unknown,1,0.1
takingbackjuly.com,takingbackjuly.com,Other / Unknown,1,0.1
shallspark.com,shallspark.com,Other / Unknown,1,0.1
reutersmedia.net,reutersmedia.net,Other / Unknown,1,0.1
redditmedia.com,redditmedia.com,Other / Unknown,1,0.1
redd.it,redd.it,Other / Unknown,1,0.1
pixiv.org,pixiv.org,Other / Unknown,1,0.1
moloco.com,moloco.com,Other / Unknown,1,0.1
line.me,line.me,Other / Unknown,1,0.1
ecbsn.com,ecbsn.com,Other / Unknown,1,0.1
linksynergy.com,linksynergy.com,Other / Unknown,1,0.1
rakuten-static.com,rakuten-static.com,Other / Unknown,1,0.1
adfox.ru,adfox.ru,Other / Unknown,1,0.1
viadata.store,viadata.store,Other / Unknown,1,0.1
skcrtxr.com,skcrtxr.com,Other / Unknown,1,0.1
gnezdo.ru,gnezdo.ru,Other / Unknown,1,0.1
alfasense.com,alfasense.com,Other / Unknown,1,0.1
videonow.ru,videonow.ru,Other / Unknown,1,0.1
canva.com,canva.com,Other / Unknown,1,0.1
alcmpn.com,alcmpn.com,Other / Unknown,1,0.1
bridgertb.tech,bridgertb.tech,Other / Unknown,1,0.1
insightexpressai.com,insightexpressai.com,Other / Unknown,1,0.1
rbk.ru,rbk.ru,Other / Unknown,1,0.1
readthedocs.org,readthedocs.org,Other / Unknown,1,0.1
readthedocs.com,readthedocs.com,Other / Unknown,1,0.1
moe.video,moe.video,Other / Unknown,1,0.1
github.io,github.io,Other / Unknown,1,0.1
servicenow.com,servicenow.com,Other / Unknown,1,0.1
discoveruw.org,discoveruw.org,Other / Unknown,1,0.1
mediaplex.com,mediaplex.com,Other / Unknown,1,0.1
luxformula.com,luxformula.com,Other / Unknown,1,0.1
bids.ws,bids.ws,Other / Unknown,1,0.1
weatherfx.com,weatherfx.com,Other / Unknown,1,0.1
w-x.co,w-x.co,Other / Unknown,1,0.1
wildberries.ru,wildberries.ru,Other / Unknown,1,0.1
zeustechnology.com,zeustechnology.com,Other / Unknown,1,0.1
eab.com,eab.com,Other / Unknown,1,0.1
conde.digital,conde.digital,Other / Unknown,1,0.1
pixel.ad,pixel.ad,Other / Unknown,1,0.1
wal.co,wal.co,Other / Unknown,1,0.1
walmartimages.com,walmartimages.com,Other / Unknown,1,0.1
chat,chat,Other / Unknown,1,0.1
fastcmp.com,fastcmp.com,Other / Unknown,1,0.1
liftoff.io,liftoff.io,Other / Unknown,1,0.1
iqoo.com,iqoo.com,Other / Unknown,1,0.1
writingcalls.com,writingcalls.com,Other / Unknown,1,0.1
webempresa.com,webempresa.com,Other / Unknown,1,0.1
wbmdstatic.com,wbmdstatic.com,Other / Unknown,1,0.1
internetbrands.com,internetbrands.com,Other / Unknown,1,0.1
azurefd.net,azurefd.net,Other / Unknown,1,0.1
powerplatform.com,powerplatform.com,Other / Unknown,1,0.1
botframework.com,botframework.com,Other / Unknown,1,0.1
cnstrc.com,cnstrc.com,Other / Unknown,1,0.1
wbbasket.ru,wbbasket.ru,Other / Unknown,1,0.1
monsido.com,monsido.com,Other / Unknown,1,0.1
fndrsp.net,fndrsp.net,Other / Unknown,1,0.1
fundraiseup.com,fundraiseup.com,Other / Unknown,1,0.1
telerik.com,telerik.com,Other / Unknown,1,0.1
chimpstatic.com,chimpstatic.com,Other / Unknown,1,0.1
geetest.com,geetest.com,Other / Unknown,1,0.1
lrcontent.com,lrcontent.com,Other / Unknown,1,0.1
editmysite.com,editmysite.com,Other / Unknown,1,0.1
nordicdataresources.net,nordicdataresources.net,Other / Unknown,1,0.1
admob.com,admob.com,Other / Unknown,1,0.1
vivoglobal.com,vivoglobal.com,Other / Unknown,1,0.1
wirewax.com,wirewax.com,Other / Unknown,1,0.1
simonsignal.com,simonsignal.com,Other / Unknown,1,0.1
cityrobotflower.com,cityrobotflower.com,Other / Unknown,1,0.1
turner.com,turner.com,Other / Unknown,1,0.1
deliverimp.com,deliverimp.com,Other / Unknown,1,0.1
imguol.com,imguol.com,Other / Unknown,1,0.1
jsuol.com,jsuol.com,Other / Unknown,1,0.1
uol.com,uol.com,Other / Unknown,1,0.1
imgix.net,imgix.net,Other / Unknown,1,0.1
mux.com,mux.com,Other / Unknown,1,0.1
unity.com,unity.com,Other / Unknown,1,0.1
jspm.dev,jspm.dev,Other / Unknown,1,0.1
usabilla.com,usabilla.com,Other / Unknown,1,0.1
ui.com,ui.com,Other / Unknown,1,0.1
ubisoft.com,ubisoft.com,Other / Unknown,1,0.1
x.com,x.com,Other / Unknown,1,0.1
ttvnw.net,ttvnw.net,Other / Unknown,1,0.1
jtvnw.net,jtvnw.net,Other / Unknown,1,0.1
static-upwork.com,static-upwork.com,Other / Unknown,1,0.1
iovation.com,iovation.com,Other / Unknown,1,0.1
singular.net,singular.net,Other / Unknown,1,0.1
incognia.com,incognia.com,Other / Unknown,1,0.1
wirewax.video,wirewax.video,Other / Unknown,1,0.1
bynder.com,bynder.com,Other / Unknown,1,0.1
elfsight.com,elfsight.com,Other / Unknown,1,0.1
evolv.ai,evolv.ai,Other / Unknown,1,0.1
vzw.com,vzw.com,Other / Unknown,1,0.1
urldefense.com,urldefense.com,Other / Unknown,1,0.1
boomtrain.com,boomtrain.com,Other / Unknown,1,0.1
analytics-sm.com,analytics-sm.com,Other / Unknown,1,0.1
usatodaynetworkservice.com,usatodaynetworkservice.com,Other / Unknown,1,0.1
deeperdive.ai,deeperdive.ai,Other / Unknown,1,0.1
gannettinnovation.com,gannettinnovation.com,Other / Unknown,1,0.1
gannettdigital.com,gannettdigital.com,Other / Unknown,1,0.1
polarcdn-pentos.com,polarcdn-pentos.com,Other / Unknown,1,0.1
ex.co,ex.co,Other / Unknown,1,0.1
icg-in.com,icg-in.com,Other / Unknown,1,0.1
condenastdigital.com,condenastdigital.com,Other / Unknown,1,0.1
gladly.com,gladly.com,Other / Unknown,1,0.1
szn.cz,szn.cz,Other / Unknown,1,0.1
yelpcdn.com,yelpcdn.com,Other / Unknown,1,0.1
204.198,204.198,Other / Unknown,1,0.1
zhimg.com,zhimg.com,Other / Unknown,1,0.1
dpmsrv.com,dpmsrv.com,Other / Unknown,1,0.1
zndsk.com,zndsk.com,Other / Unknown,1,0.1
googlevideo.com,googlevideo.com,Other / Unknown,1,0.1
cibntv.net,cibntv.net,Other / Unknown,1,0.1
ykimg.com,ykimg.com,Other / Unknown,1,0.1
ya.ru,ya.ru,Other / Unknown,1,0.1
cnevids.com,cnevids.com,Other / Unknown,1,0.1
archive-digger.com,archive-digger.com,Other / Unknown,1,0.1
connexity.net,connexity.net,Other / Unknown,1,0.1
api-taboola.com,api-taboola.com,Other / Unknown,1,0.1
slim01.jp,slim01.jp,Other / Unknown,1,0.1
xvideos-cdn.com,xvideos-cdn.com,Other / Unknown,1,0.1
xnxx-cdn.com,xnxx-cdn.com,Other / Unknown,1,0.1
dash0.com,dash0.com,Other / Unknown,1,0.1
163.com,163.com,Other / Unknown,1,0.1
zillowstatic.com,zillowstatic.com,Other / Unknown,1,0.1
pubnub.com,pubnub.com,Other / Unknown,1,0.1
zg-api.com,zg-api.com,Other / Unknown,1,0.1
zoom.com,zoom.com,Other / Unknown,1,0.1
zohopublic.in,zohopublic.in,Other / Unknown,1,0.1
zohosalesiq.com,zohosalesiq.com,Other / Unknown,1,0.1
zoho.ae,zoho.ae,Other / Unknown,1,0.1
zoho.sa,zoho.sa,Other / Unknown,1,0.1
zohocloud.ca,zohocloud.ca,Other / Unknown,1,0.1
zoho.jp,zoho.jp,Other / Unknown,1,0.1
com.au,com.au,Other / Unknown,1,0.1
zoho.eu,zoho.eu,Other / Unknown,1,0.1
zoho.in,zoho.in,Other / Unknown,1,0.1
pagesense.io,pagesense.io,Other / Unknown,1,0.1
zohowebstatic.com,zohowebstatic.com,Other / Unknown,1,0.1
zohocdn.com,zohocdn.com,Other / Unknown,1,0.1
edoinc.com,edoinc.com,Other / Unknown,1,0.1
split.io,split.io,Other / Unknown,1,0.1
xingcdn.com,xingcdn.com,Other / Unknown,1,0.1
flixcdn.com,flixcdn.com,Other / Unknown,1,0.1
xhcdn.com,xhcdn.com,Other / Unknown,1,0.1
wpguardian.com,wpguardian.com,Other / Unknown,1,0.1
wpimg.pl,wpimg.pl,Other / Unknown,1,0.1
wpcdn.pl,wpcdn.pl,Other / Unknown,1,0.1
adobeaemcloud.com,adobeaemcloud.com,Other / Unknown,1,0.1
unicorn.studio,unicorn.studio,Other / Unknown,1,0.1
w.org,w.org,Other / Unknown,1,0.1
usrfiles.com,usrfiles.com,Other / Unknown,1,0.1
wixapps.net,wixapps.net,Other / Unknown,1,0.1
wixstatic.com,wixstatic.com,Other / Unknown,1,0.1
advertising.com,advertising.com,Other / Unknown,1,0.1
adblade.com,adblade.com,Other / Unknown,1,0.1
avo.app,avo.app,Other / Unknown,1,0.1
bonappetit.com,bonappetit.com,Other / Unknown,1,0.1
trx-hub.com,trx-hub.com,Other / Unknown,1,0.1
fwpub1.com,fwpub1.com,Other / Unknown,1,0.1
trackonomics.net,trackonomics.net,Other / Unknown,1,0.1
wpguardian.io,wpguardian.io,Other / Unknown,1,0.1
wpscdn.com,wpscdn.com,Other / Unknown,1,0.1
tfaforms.net,tfaforms.net,Other / Unknown,1,0.1
browser-update.org,browser-update.org,Other / Unknown,1,0.1
loggly.com,loggly.com,Other / Unknown,1,0.1
geojs.io,geojs.io,Other / Unknown,1,0.1
atdmt.com,atdmt.com,Other / Unknown,1,0.1
xboxservices.com,xboxservices.com,Other / Unknown,1,0.1
shopifycdn.com,shopifycdn.com,Other / Unknown,1,0.1
kaptcha.com,kaptcha.com,Other / Unknown,1,0.1
rechargecdn.com,rechargecdn.com,Other / Unknown,1,0.1
rudderstack.com,rudderstack.com,Other / Unknown,1,0.1
livex.ai,livex.ai,Other / Unknown,1,0.1
alia-prod.com,alia-prod.com,Other / Unknown,1,0.1
shopifysvc.com,shopifysvc.com,Other / Unknown,1,0.1
figpii.com,figpii.com,Other / Unknown,1,0.1
klaviyo.com,klaviyo.com,Other / Unknown,1,0.1
shop.app,shop.app,Other / Unknown,1,0.1
wyze.com,wyze.com,Other / Unknown,1,0.1
twitchcdn.net,twitchcdn.net,Other / Unknown,1,0.1
cbx-rtb.com,cbx-rtb.com,Other / Unknown,1,0.1
amspbs.com,amspbs.com,Other / Unknown,1,0.1
2001:41d0:257:2400::,2001:41d0:257:2400::,Other / Unknown,1,0.1
4.1,4.1,Other / Unknown,1,0.1
yieldoptimizer.com,yieldoptimizer.com,Other / Unknown,1,0.1
meetscale.com,meetscale.com,Other / Unknown,1,0.1
smrtb.com,smrtb.com,Other / Unknown,1,0.1
peer-39.com,peer-39.com,Other / Unknown,1,0.1
172.136,172.136,Other / Unknown,1,0.1
4.3,4.3,Other / Unknown,1,0.1
236.69,236.69,Other / Unknown,1,0.1
trustpilot.net,trustpilot.net,Other / Unknown,1,0.1
4.2,4.2,Other / Unknown,1,0.1
2001:41d0:306:b31::,2001:41d0:306:b31::,Other / Unknown,1,0.1
169.160,169.160,Other / Unknown,1,0.1
4.4,4.4,Other / Unknown,1,0.1
2001:41d0:33c:d000::,2001:41d0:33c:d000::,Other / Unknown,1,0.1
brainlyads.com,brainlyads.com,Other / Unknown,1,0.1
receptivity.io,receptivity.io,Other / Unknown,1,0.1
qntv.io,qntv.io,Other / Unknown,1,0.1
acexedge.com,acexedge.com,Other / Unknown,1,0.1
tidaltv.com,tidaltv.com,Other / Unknown,1,0.1
thebrighttag.com,thebrighttag.com,Other / Unknown,1,0.1
focus-img.cn,focus-img.cn,Other / Unknown,1,0.1
optaim.com,optaim.com,Other / Unknown,1,0.1
focus.cn,focus.cn,Other / Unknown,1,0.1
itc.cn,itc.cn,Other / Unknown,1,0.1
viglink.com,viglink.com,Other / Unknown,1,0.1
sitelytics.tech,sitelytics.tech,Other / Unknown,1,0.1
traversedlp.com,traversedlp.com,Other / Unknown,1,0.1
resetdigital.co,resetdigital.co,Other / Unknown,1,0.1
getpublica.com,getpublica.com,Other / Unknown,1,0.1
groovinads.com,groovinads.com,Other / Unknown,1,0.1
pubeasy.io,pubeasy.io,Other / Unknown,1,0.1
242.9,242.9,Other / Unknown,1,0.1
s-onetag.com,s-onetag.com,Other / Unknown,1,0.1
admatic.de,admatic.de,Other / Unknown,1,0.1
vdopia.com,vdopia.com,Other / Unknown,1,0.1
attekmi.com,attekmi.com,Other / Unknown,1,0.1
connectad.io,connectad.io,Other / Unknown,1,0.1
8.208,8.208,Other / Unknown,1,0.1
singular-cn.net,singular-cn.net,Other / Unknown,1,0.1
inping.com,inping.com,Other / Unknown,1,0.1
leju.com,leju.com,Other / Unknown,1,0.1
weibo.com,weibo.com,Other / Unknown,1,0.1
gongkaozhu.cn,gongkaozhu.cn,Other / Unknown,1,0.1
sina.cn,sina.cn,Other / Unknown,1,0.1
shopee.com,shopee.com,Other / Unknown,1,0.1
gov.br,gov.br,Other / Unknown,1,0.1
srmdata-us.com,srmdata-us.com,Other / Unknown,1,0.1
ltwebstatic.com,ltwebstatic.com,Other / Unknown,1,0.1
uniconsent.com,uniconsent.com,Other / Unknown,1,0.1
office.com,office.com,Other / Unknown,1,0.1
imedia.cz,imedia.cz,Other / Unknown,1,0.1
seznamdiskuze.cz,seznamdiskuze.cz,Other / Unknown,1,0.1
sznplayer.cz,sznplayer.cz,Other / Unknown,1,0.1
sdn.cz,sdn.cz,Other / Unknown,1,0.1
71360.com,71360.com,Other / Unknown,1,0.1
skyhighsecurity.com,skyhighsecurity.com,Other / Unknown,1,0.1
pbxai.com,pbxai.com,Other / Unknown,1,0.1
nitrocdn.com,nitrocdn.com,Other / Unknown,1,0.1
hbwrapper.com,hbwrapper.com,Other / Unknown,1,0.1
adverge.ai,adverge.ai,Other / Unknown,1,0.1
sc-corp.net,sc-corp.net,Other / Unknown,1,0.1
cookieyes.com,cookieyes.com,Other / Unknown,1,0.1
wonderpush.com,wonderpush.com,Other / Unknown,1,0.1
cdn-cookieyes.com,cdn-cookieyes.com,Other / Unknown,1,0.1
samsung.com,samsung.com,Other / Unknown,1,0.1
ipapi.co,ipapi.co,Other / Unknown,1,0.1
equativ.com,equativ.com,Other / Unknown,1,0.1
slidesharecdn.com,slidesharecdn.com,Other / Unknown,1,0.1
slackhq.com,slackhq.com,Other / Unknown,1,0.1
slack-edge.com,slack-edge.com,Other / Unknown,1,0.1
live.net,live.net,Other / Unknown,1,0.1
getnitropack.com,getnitropack.com,Other / Unknown,1,0.1
nitroscripts.com,nitroscripts.com,Other / Unknown,1,0.1
sohucs.com,sohucs.com,Other / Unknown,1,0.1
ipinyou.com,ipinyou.com,Other / Unknown,1,0.1
sndcdn.com,sndcdn.com,Other / Unknown,1,0.1
mediatradecraft.com,mediatradecraft.com,Other / Unknown,1,0.1
cdn-go.cn,cdn-go.cn,Other / Unknown,1,0.1
qq.com,qq.com,Other / Unknown,1,0.1
kwcdn.com,kwcdn.com,Other / Unknown,1,0.1
telekom.de,telekom.de,Other / Unknown,1,0.1
readspeaker.com,readspeaker.com,Other / Unknown,1,0.1
telekom-dienste.de,telekom-dienste.de,Other / Unknown,1,0.1
nodals.io,nodals.io,Other / Unknown,1,0.1
recombee.com,recombee.com,Other / Unknown,1,0.1
tedcdn.com,tedcdn.com,Other / Unknown,1,0.1
bitsighttech.com,bitsighttech.com,Other / Unknown,1,0.1
zeronaught.com,zeronaught.com,Other / Unknown,1,0.1
targetimg1.com,targetimg1.com,Other / Unknown,1,0.1
tmall.com,tmall.com,Other / Unknown,1,0.1
kickfire.com,kickfire.com,Other / Unknown,1,0.1
conductor.com,conductor.com,Other / Unknown,1,0.1
rumt-zh.com,rumt-zh.com,Other / Unknown,1,0.1
guardianapis.com,guardianapis.com,Other / Unknown,1,0.1
videodelivery.net,videodelivery.net,Other / Unknown,1,0.1
envato-static.com,envato-static.com,Other / Unknown,1,0.1
trip.com,trip.com,Other / Unknown,1,0.1
tripcdn.com,tripcdn.com,Other / Unknown,1,0.1
equally.ai,equally.ai,Other / Unknown,1,0.1
belvionetta.com,belvionetta.com,Other / Unknown,1,0.1
contentstack.com,contentstack.com,Other / Unknown,1,0.1
tiktokcdn.com,tiktokcdn.com,Other / Unknown,1,0.1
ttwstatic.com,ttwstatic.com,Other / Unknown,1,0.1
b-cdn.net,b-cdn.net,Other / Unknown,1,0.1
locolava.com,locolava.com,Other / Unknown,1,0.1
vox-cdn.com,vox-cdn.com,Other / Unknown,1,0.1
voxmedia.com,voxmedia.com,Other / Unknown,1,0.1
coralproject.net,coralproject.net,Other / Unknown,1,0.1
worldrealize.com,worldrealize.com,Other / Unknown,1,0.1
bullwhip.cloud,bullwhip.cloud,Other / Unknown,1,0.1
envatousercontent.com,envatousercontent.com,Other / Unknown,1,0.1
hum.works,hum.works,Other / Unknown,1,0.1
doceree.com,doceree.com,Other / Unknown,1,0.1
htlbid.com,htlbid.com,Other / Unknown,1,0.1
statcdn.com,statcdn.com,Other / Unknown,1,0.1
lngtdv.com,lngtdv.com,Other / Unknown,1,0.1
lngtd.com,lngtd.com,Other / Unknown,1,0.1
gravatar.com,gravatar.com,Other / Unknown,1,0.1
spotifycdn.com,spotifycdn.com,Other / Unknown,1,0.1
scdn.co,scdn.co,Other / Unknown,1,0.1
getstreamhosting.com,getstreamhosting.com,Other / Unknown,1,0.1
sonic.net,sonic.net,Other / Unknown,1,0.1
mycci.net,mycci.net,Other / Unknown,1,0.1
trackcmp.net,trackcmp.net,Other / Unknown,1,0.1
ooklaserver.net,ooklaserver.net,Other / Unknown,1,0.1
zdbb.net,zdbb.net,Other / Unknown,1,0.1
app-us1.com,app-us1.com,Other / Unknown,1,0.1
cdnst.net,cdnst.net,Other / Unknown,1,0.1
ziffstatic.com,ziffstatic.com,Other / Unknown,1,0.1
airbrake.io,airbrake.io,Other / Unknown,1,0.1
foresee.com,foresee.com,Other / Unknown,1,0.1
steamusercontent.com,steamusercontent.com,Other / Unknown,1,0.1
pbgrd.com,pbgrd.com,Other / Unknown,1,0.1
chapturist.com,chapturist.com,Other / Unknown,1,0.1
co.il,co.il,Other / Unknown,1,0.1
stroeerws.de,stroeerws.de,Other / Unknown,1,0.1
jivox.com,jivox.com,Other / Unknown,1,0.1
admedia.com,admedia.com,Other / Unknown,1,0.1
ipinfo.io,ipinfo.io,Other / Unknown,1,0.1
moengage.com,moengage.com,Other / Unknown,1,0.1
livechatinc.com,livechatinc.com,Other / Unknown,1,0.1
smassets.net,smassets.net,Other / Unknown,1,0.1
substackcdn.com,substackcdn.com,Other / Unknown,1,0.1
stripeassets.com,stripeassets.com,Other / Unknown,1,0.1
stripecdn.com,stripecdn.com,Other / Unknown,1,0.1
eizzih.com,eizzih.com,Other / Unknown,1,0.1
ststandard.com,ststandard.com,Other / Unknown,1,0.1
strpssts-ana.com,strpssts-ana.com,Other / Unknown,1,0.1
doppiocdn.net,doppiocdn.net,Other / Unknown,1,0.1
prorata.ai,prorata.ai,Other / Unknown,1,0.1
foxbusiness.com,foxbusiness.com,Other / Unknown,1,0.1
jwpltx.com,jwpltx.com,Other / Unknown,1,0.1
smart.link,smart.link,Other / Unknown,1,0.1
cursor.com,cursor.com,Other / Unknown,1,0.1
vercel-storage.com,vercel-storage.com,Other / Unknown,1,0.1
roadwayai.com,roadwayai.com,Other / Unknown,1,0.1
conceptualhq.com,conceptualhq.com,Other / Unknown,1,0.1
dailymail.com,dailymail.com,Other / Unknown,1,0.1
altitude-arena.com,altitude-arena.com,Other / Unknown,1,0.1
dm-event.net,dm-event.net,Other / Unknown,1,0.1
dmcdn.net,dmcdn.net,Other / Unknown,1,0.1
hubvisor.io,hubvisor.io,Other / Unknown,1,0.1
kakaocdn.net,kakaocdn.net,Other / Unknown,1,0.1
onkakao.net,onkakao.net,Other / Unknown,1,0.1
kakao.com,kakao.com,Other / Unknown,1,0.1
naverads.com,naverads.com,Other / Unknown,1,0.1
wixmp.com,wixmp.com,Other / Unknown,1,0.1
algolia.io,algolia.io,Other / Unknown,1,0.1
deviantart.net,deviantart.net,Other / Unknown,1,0.1
wix.com,wix.com,Other / Unknown,1,0.1
digitalocean.com,digitalocean.com,Other / Unknown,1,0.1
customerioforms.com,customerioforms.com,Other / Unknown,1,0.1
disney-plus.net,disney-plus.net,Other / Unknown,1,0.1
tgtag.io,tgtag.io,Other / Unknown,1,0.1
trafficguard.ai,trafficguard.ai,Other / Unknown,1,0.1
disquscdn.com,disquscdn.com,Other / Unknown,1,0.1
retailrocket.ru,retailrocket.ru,Other / Unknown,1,0.1
prodmp.ru,prodmp.ru,Other / Unknown,1,0.1
vercara.com,vercara.com,Other / Unknown,1,0.1
pantheonsite.io,pantheonsite.io,Other / Unknown,1,0.1
rumito.net,rumito.net,Other / Unknown,1,0.1
dreamdata.cloud,dreamdata.cloud,Other / Unknown,1,0.1
tree-nation.com,tree-nation.com,Other / Unknown,1,0.1
equalweb.com,equalweb.com,Other / Unknown,1,0.1
queue-it.net,queue-it.net,Other / Unknown,1,0.1
q4app.com,q4app.com,Other / Unknown,1,0.1
q4inc.com,q4inc.com,Other / Unknown,1,0.1
icomoon.io,icomoon.io,Other / Unknown,1,0.1
debugbear.com,debugbear.com,Other / Unknown,1,0.1
cr-proxy.com,cr-proxy.com,Other / Unknown,1,0.1
cnbcfm.com,cnbcfm.com,Other / Unknown,1,0.1
fandango.com,fandango.com,Other / Unknown,1,0.1
vsnt.net,vsnt.net,Other / Unknown,1,0.1
micpn.com,micpn.com,Other / Unknown,1,0.1
viewlift.com,viewlift.com,Other / Unknown,1,0.1
cnn.io,cnn.io,Other / Unknown,1,0.1
brightline.tv,brightline.tv,Other / Unknown,1,0.1
litix.io,litix.io,Other / Unknown,1,0.1
max.com,max.com,Other / Unknown,1,0.1
discomax.com,discomax.com,Other / Unknown,1,0.1
conviva.ai,conviva.ai,Other / Unknown,1,0.1
greenhouse.io,greenhouse.io,Other / Unknown,1,0.1
gbqofs.io,gbqofs.io,Other / Unknown,1,0.1
corriereobjects.it,corriereobjects.it,Other / Unknown,1,0.1
corriereobjects.it(none),corriereobjects.it(none),Other / Unknown,1,0.1
rcsobjects.it,rcsobjects.it,Other / Unknown,1,0.1
rcsmetrics.it,rcsmetrics.it,Other / Unknown,1,0.1
gazzetta.it,gazzetta.it,Other / Unknown,1,0.1
gazzettaobjects.it,gazzettaobjects.it,Other / Unknown,1,0.1
rcs.it,rcs.it,Other / Unknown,1,0.1
costco-static.com,costco-static.com,Other / Unknown,1,0.1
intake-lr.com,intake-lr.com,Other / Unknown,1,0.1
constellix.net,constellix.net,Other / Unknown,1,0.1
docker.com,docker.com,Other / Unknown,1,0.1
epsilon.com,epsilon.com,Other / Unknown,1,0.1
dwin1.com,dwin1.com,Other / Unknown,1,0.1
applovin.com,applovin.com,Other / Unknown,1,0.1
btncdn.com,btncdn.com,Other / Unknown,1,0.1
roeyecdn.com,roeyecdn.com,Other / Unknown,1,0.1
roeye.com,roeye.com,Other / Unknown,1,0.1
evbstatic.com,evbstatic.com,Other / Unknown,1,0.1
featuregates.org,featuregates.org,Other / Unknown,1,0.1
statsigapi.net,statsigapi.net,Other / Unknown,1,0.1
evbuc.com,evbuc.com,Other / Unknown,1,0.1
ezviz.com,ezviz.com,Other / Unknown,1,0.1
ys7.com,ys7.com,Other / Unknown,1,0.1
nocookie.net,nocookie.net,Other / Unknown,1,0.1
wikia-services.com,wikia-services.com,Other / Unknown,1,0.1
nflxvideo.net,nflxvideo.net,Other / Unknown,1,0.1
fastly.com,fastly.com,Other / Unknown,1,0.1
insent.ai,insent.ai,Other / Unknown,1,0.1
fiverrcdn.com,fiverrcdn.com,Other / Unknown,1,0.1
mediaocean.com,mediaocean.com,Other / Unknown,1,0.1
staticflickr.com,staticflickr.com,Other / Unknown,1,0.1
snplow.net,snplow.net,Other / Unknown,1,0.1
flixcart.com,flixcart.com,Other / Unknown,1,0.1
bf-ad.net,bf-ad.net,Other / Unknown,1,0.1
burda-forward.de,burda-forward.de,Other / Unknown,1,0.1
benelph.de,benelph.de,Other / Unknown,1,0.1
dl8.me,dl8.me,Other / Unknown,1,0.1
fortawesome.com,fortawesome.com,Other / Unknown,1,0.1
servedby-buysellads.com,servedby-buysellads.com,Other / Unknown,1,0.1
algolianet.com,algolianet.com,Other / Unknown,1,0.1
axon.ai,axon.ai,Other / Unknown,1,0.1
etsystatic.com,etsystatic.com,Other / Unknown,1,0.1
acsbapp.com,acsbapp.com,Other / Unknown,1,0.1
espncdn.com,espncdn.com,Other / Unknown,1,0.1
userback.io,userback.io,Other / Unknown,1,0.1
rdrom.ru,rdrom.ru,Other / Unknown,1,0.1
farpost.ru,farpost.ru,Other / Unknown,1,0.1
bs-dante.ru,bs-dante.ru,Other / Unknown,1,0.1
dropboxstatic.com,dropboxstatic.com,Other / Unknown,1,0.1
d41.co,d41.co,Other / Unknown,1,0.1
b0e8.com,b0e8.com,Other / Unknown,1,0.1
dt-cdn.net,dt-cdn.net,Other / Unknown,1,0.1
dyn.com,dyn.com,Other / Unknown,1,0.1
soundcloud.com,soundcloud.com,Other / Unknown,1,0.1
ebayadservices.com,ebayadservices.com,Other / Unknown,1,0.1
uecdn.es,uecdn.es,Other / Unknown,1,0.1
unidadeditorial.es,unidadeditorial.es,Other / Unknown,1,0.1
tradedoubler.com,tradedoubler.com,Other / Unknown,1,0.1
marca.com,marca.com,Other / Unknown,1,0.1
fusion-platform.com,fusion-platform.com,Other / Unknown,1,0.1
spadsync.com,spadsync.com,Other / Unknown,1,0.1
aswpsdkeu.com,aswpsdkeu.com,Other / Unknown,1,0.1
prisa.com,prisa.com,Other / Unknown,1,0.1
prisamedia.com,prisamedia.com,Other / Unknown,1,0.1
prisasd.com,prisasd.com,Other / Unknown,1,0.1
sensic.net,sensic.net,Other / Unknown,1,0.1
unrealengine.com,unrealengine.com,Other / Unknown,1,0.1
hcaptcha.com,hcaptcha.com,Other / Unknown,1,0.1
magsrv.com,magsrv.com,Other / Unknown,1,0.1
tsyndicate.com,tsyndicate.com,Other / Unknown,1,0.1
esetstatic.com,esetstatic.com,Other / Unknown,1,0.1
one.one,one.one,Other / Unknown,1,0.1
eum-appdynamics.com,eum-appdynamics.com,Other / Unknown,1,0.1
appdynamics.com,appdynamics.com,Other / Unknown,1,0.1
allegrostatic.com,allegrostatic.com,Other / Unknown,1,0.1
ngacm.com,ngacm.com,Other / Unknown,1,0.1
macromill.com,macromill.com,Other / Unknown,1,0.1
adtdp.com,adtdp.com,Other / Unknown,1,0.1
userreport.com,userreport.com,Other / Unknown,1,0.1
smartclip.net,smartclip.net,Other / Unknown,1,0.1
awsstatic.com,awsstatic.com,Other / Unknown,1,0.1
aws.dev,aws.dev,Other / Unknown,1,0.1
api.aws,api.aws,Other / Unknown,1,0.1
primevideo.com,primevideo.com,Other / Unknown,1,0.1
ameba.jp,ameba.jp,Other / Unknown,1,0.1
amebame.com,amebame.com,Other / Unknown,1,0.1
roundprincemusic.com,roundprincemusic.com,Other / Unknown,1,0.1
cdnfonts.com,cdnfonts.com,Other / Unknown,1,0.1
inflection.io,inflection.io,Other / Unknown,1,0.1
guideflow.com,guideflow.com,Other / Unknown,1,0.1
amp.dev,amp.dev,Other / Unknown,1,0.1
w3.org,w3.org,Other / Unknown,1,0.1
aolcdn.com,aolcdn.com,Other / Unknown,1,0.1
scaredslip.com,scaredslip.com,Other / Unknown,1,0.1
grocerycrew.com,grocerycrew.com,Other / Unknown,1,0.1
apachecon.com,apachecon.com,Other / Unknown,1,0.1
onesignal.com,onesignal.com,Other / Unknown,1,0.1
ntv.io,ntv.io,Other / Unknown,1,0.1
usablenet.com,usablenet.com,Other / Unknown,1,0.1
kidpowers.com,kidpowers.com,Other / Unknown,1,0.1
ap.org,ap.org,Other / Unknown,1,0.1
dwcdn.net,dwcdn.net,Other / Unknown,1,0.1
ngastatic.com,ngastatic.com,Other / Unknown,1,0.1
allegroimg.com,allegroimg.com,Other / Unknown,1,0.1
atlassian.com,atlassian.com,Other / Unknown,1,0.1
eloqua.com,eloqua.com,Other / Unknown,1,0.1
127.net,127.net,Other / Unknown,1,0.1
360.cn,360.cn,Other / Unknown,1,0.1
outin.cn,outin.cn,Other / Unknown,1,0.1
qhimg.com,qhimg.com,Other / Unknown,1,0.1
qhmsg.com,qhmsg.com,Other / Unknown,1,0.1
so.com,so.com,Other / Unknown,1,0.1
g9hc4.cn,g9hc4.cn,Other / Unknown,1,0.1
improvedigital.com,improvedigital.com,Other / Unknown,1,0.1
triplelift.com,TripleLift,Advertising,1,0.1
above.com,above.com,Other / Unknown,1,0.1
academia-assets.com,academia-assets.com,Other / Unknown,1,0.1
academia-photos.com,academia-photos.com,Other / Unknown,1,0.1
storyblok.com,storyblok.com,Other / Unknown,1,0.1
db-ip.com,db-ip.com,Other / Unknown,1,0.1
adobeccstatic.com,adobeccstatic.com,Other / Unknown,1,0.1
thetradedesk.com,thetradedesk.com,Other / Unknown,1,0.1
secureserver.net,secureserver.net,Other / Unknown,1,0.1
superagi.com,superagi.com,Other / Unknown,1,0.1
expertise.ai,expertise.ai,Other / Unknown,1,0.1
securiti.ai,securiti.ai,Other / Unknown,1,0.1
sitedataprocessing.com,sitedataprocessing.com,Other / Unknown,1,0.1
muscache.com,muscache.com,Other / Unknown,1,0.1
effirst.com,effirst.com,Other / Unknown,1,0.1
ucweb.com,ucweb.com,Other / Unknown,1,0.1
alyasset.com,alyasset.com,Other / Unknown,1,0.1
alcasset.com,alcasset.com,Other / Unknown,1,0.1
helps.live,helps.live,Other / Unknown,1,0.1
84.151,84.151,Other / Unknown,1,0.1
autodesk.net,autodesk.net,Other / Unknown,1,0.1
chesscomfiles.com,chesscomfiles.com,Other / Unknown,1,0.1
wordlift.io,wordlift.io,Other / Unknown,1,0.1
s-bol.com,s-bol.com,Other / Unknown,1,0.1
bstatic.com,bstatic.com,Other / Unknown,1,0.1
segment-box.com,segment-box.com,Other / Unknown,1,0.1
imagedelivery.net,imagedelivery.net,Other / Unknown,1,0.1
insider.com,insider.com,Other / Unknown,1,0.1
daangn.com,daangn.com,Other / Unknown,1,0.1
poxo.com,poxo.com,Other / Unknown,1,0.1
beusable.net,beusable.net,Other / Unknown,1,0.1
goadopt.io,goadopt.io,Other / Unknown,1,0.1
capcutcdn-us.com,capcutcdn-us.com,Other / Unknown,1,0.1
capcutapi.us,capcutapi.us,Other / Unknown,1,0.1
indexexchange.com,Index Exchange,Advertising,1,0.1
paramount.com,paramount.com,Other / Unknown,1,0.1
cbsnewsstatic.com,cbsnewsstatic.com,Other / Unknown,1,0.1
headliner.link,headliner.link,Other / Unknown,1,0.1
minute-ly.com,minute-ly.com,Other / Unknown,1,0.1
cbsi.com,cbsi.com,Other / Unknown,1,0.1
signalszone.com,signalszone.com,Other / Unknown,1,0.1
cbsivideo.com,cbsivideo.com,Other / Unknown,1,0.1
snackly.co,snackly.co,Other / Unknown,1,0.1
yadrocrm.ru,yadrocrm.ru,Other / Unknown,1,0.1
sypexgeo.net,sypexgeo.net,Other / Unknown,1,0.1
characterai.io,characterai.io,Other / Unknown,1,0.1
openai.com,openai.com,Other / Unknown,1,0.1
mmcdn.com,mmcdn.com,Other / Unknown,1,0.1
highwebmedia.com,highwebmedia.com,Other / Unknown,1,0.1
trendemon.com,trendemon.com,Other / Unknown,1,0.1
calendly.com,calendly.com,Other / Unknown,1,0.1
gnsnpaw.com,gnsnpaw.com,Other / Unknown,1,0.1
engage-x.io,engage-x.io,Other / Unknown,1,0.1
npaw.com,npaw.com,Other / Unknown,1,0.1
nortonlifelock.com,nortonlifelock.com,Other / Unknown,1,0.1
avito.st,avito.st,Other / Unknown,1,0.1
bunny.net,bunny.net,Other / Unknown,1,0.1
fluffleinfra.net,fluffleinfra.net,Other / Unknown,1,0.1
bdstatic.com,bdstatic.com,Other / Unknown,1,0.1
bcbits.com,bcbits.com,Other / Unknown,1,0.1
bac-assets.com,bac-assets.com,Other / Unknown,1,0.1
advanced-web-analytics.com,advanced-web-analytics.com,Other / Unknown,1,0.1
bbc.com,bbc.com,Other / Unknown,1,0.1
adobelogin.com,adobelogin.com,Other / Unknown,1,0.1
bbystatic.com,bbystatic.com,Other / Unknown,1,0.1
addthis.com,addthis.com,Other / Unknown,1,0.1
bgcdn.com,bgcdn.com,Other / Unknown,1,0.1
newscgp.com,newscgp.com,Other / Unknown,1,0.1
ntesgsght.com,ntesgsght.com,Other / Unknown,1,0.1
bildstatic.de,bildstatic.de,Other / Unknown,1,0.1
hdslb.com,hdslb.com,Other / Unknown,1,0.1
bfs,bfs,Other / Unknown,1,0.1
bnbstatic.com,bnbstatic.com,Other / Unknown,1,0.1
msn.com,msn.com,Other / Unknown,1,0.1
bitly.com,bitly.com,Other / Unknown,1,0.1
qr-code-generator.com,qr-code-generator.com,Other / Unknown,1,0.1
bitrix24.net,bitrix24.net,Other / Unknown,1,0.1
blogger.com,blogger.com,Other / Unknown,1,0.1
bwbx.io,bwbx.io,Other / Unknown,1,0.1
lgrckt-in.com,lgrckt-in.com,Other / Unknown,1,0.1
fastly.net,fastly.net,Other / Unknown,1,0.1
helpscout.net,helpscout.net,Other / Unknown,1,0.1
forbesimg.com,forbesimg.com,Other / Unknown,1,0.1
st-note.com,st-note.com,Other / Unknown,1,0.1
aaiolimgbncdaldgbbjkidiijidchhjo,aaiolimgbncdaldgbbjkidiijidchhjo,Other / Unknown,1,0.1
webvisor.org,webvisor.org,Other / Unknown,1,0.1
llama.fi,llama.fi,Other / Unknown,1,0.1
walletconnect.com,walletconnect.com,Other / Unknown,1,0.1
walletlink.org,walletlink.org,Other / Unknown,1,0.1
lowescdn.com,lowescdn.com,Other / Unknown,1,0.1
zineone.com,zineone.com,Other / Unknown,1,0.1
signifyd.com,signifyd.com,Other / Unknown,1,0.1
fwcdn3.com,fwcdn3.com,Other / Unknown,1,0.1
revlifter.io,revlifter.io,Other / Unknown,1,0.1
igodigital.com,igodigital.com,Other / Unknown,1,0.1
iblgdcjagdifpikcobibfpkddkphllmc,iblgdcjagdifpikcobibfpkddkphllmc,Other / Unknown,1,0.1
logldmlncddmdfcjaaljjjkajcnacigc,logldmlncddmdfcjaaljjjkajcnacigc,Other / Unknown,1,0.1
dhelmjcpoddajfaldodimlaehbalhgag,dhelmjcpoddajfaldodimlaehbalhgag,Other / Unknown,1,0.1
kampyle.com,kampyle.com,Other / Unknown,1,0.1
salesforce.com,salesforce.com,Other / Unknown,1,0.1
ru4.com,ru4.com,Other / Unknown,1,0.1
click2cart.com,click2cart.com,Other / Unknown,1,0.1
screenmeet.com,screenmeet.com,Other / Unknown,1,0.1
intuit.com,intuit.com,Other / Unknown,1,0.1
herbgreencolumn.com,herbgreencolumn.com,Other / Unknown,1,0.1
markmonitor.info,markmonitor.info,Other / Unknown,1,0.1
userzoom.com,userzoom.com,Other / Unknown,1,0.1
mcafeeassets.com,mcafeeassets.com,Other / Unknown,1,0.1
veritone-ce.com,veritone-ce.com,Other / Unknown,1,0.1
allitrk.com,allitrk.com,Other / Unknown,1,0.1
pbbl.co,pbbl.co,Other / Unknown,1,0.1
omny.fm,omny.fm,Other / Unknown,1,0.1
mdpi-res.com,mdpi-res.com,Other / Unknown,1,0.1
livejournal.net,livejournal.net,Other / Unknown,1,0.1
tr.ee,tr.ee,Other / Unknown,1,0.1
protechts.net,protechts.net,Other / Unknown,1,0.1
stape.biz,stape.biz,Other / Unknown,1,0.1
kwai-pro.com,kwai-pro.com,Other / Unknown,1,0.1
mythad.com,mythad.com,Other / Unknown,1,0.1
ap4r.com,ap4r.com,Other / Unknown,1,0.1
californiatimes.com,californiatimes.com,Other / Unknown,1,0.1
netlify.app,netlify.app,Other / Unknown,1,0.1
launchpadlibrarian.net,launchpadlibrarian.net,Other / Unknown,1,0.1
ubuntu.com,ubuntu.com,Other / Unknown,1,0.1
appconsent.io,appconsent.io,Other / Unknown,1,0.1
f1g.fr,f1g.fr,Other / Unknown,1,0.1
letsencrypt.org,letsencrypt.org,Other / Unknown,1,0.1
abetterinternet.org,abetterinternet.org,Other / Unknown,1,0.1
static.pub,static.pub,Other / Unknown,1,0.1
bluecore.com,bluecore.com,Other / Unknown,1,0.1
inside-graph.com,inside-graph.com,Other / Unknown,1,0.1
qualaroo.com,qualaroo.com,Other / Unknown,1,0.1
bluecore.app,bluecore.app,Other / Unknown,1,0.1
nagich.com,nagich.com,Other / Unknown,1,0.1
lg.com,lg.com,Other / Unknown,1,0.1
zaius.com,zaius.com,Other / Unknown,1,0.1
transcend.io,transcend.io,Other / Unknown,1,0.1
youstarsbuilding.com,youstarsbuilding.com,Other / Unknown,1,0.1
connextra.com,connextra.com,Other / Unknown,1,0.1
brandswap.com,brandswap.com,Other / Unknown,1,0.1
audiohook.com,audiohook.com,Other / Unknown,1,0.1
mediaiqdigital.com,mediaiqdigital.com,Other / Unknown,1,0.1
iadvize.com,iadvize.com,Other / Unknown,1,0.1
adstk.io,adstk.io,Other / Unknown,1,0.1
icloud.com,icloud.com,Other / Unknown,1,0.1
maxmind.com,maxmind.com,Other / Unknown,1,0.1
mmapiws.com,mmapiws.com,Other / Unknown,1,0.1
nbcuni.com,nbcuni.com,Other / Unknown,1,0.1
lightboxcdn.com,lightboxcdn.com,Other / Unknown,1,0.1
glassboxcdn.com,glassboxcdn.com,Other / Unknown,1,0.1
glassboxdigital.io,glassboxdigital.io,Other / Unknown,1,0.1
powerstarsbuilding.com,powerstarsbuilding.com,Other / Unknown,1,0.1
pepperjam.com,pepperjam.com,Other / Unknown,1,0.1
attentivemobile.com,attentivemobile.com,Other / Unknown,1,0.1
thenai.org,thenai.org,Other / Unknown,1,0.1
intergient.com,intergient.com,Other / Unknown,1,0.1
playwire.com,playwire.com,Other / Unknown,1,0.1
uidapi.com,uidapi.com,Other / Unknown,1,0.1
dadata.ru,dadata.ru,Other / Unknown,1,0.1
f5.com,f5.com,Other / Unknown,1,0.1
gbzu92.ru,gbzu92.ru,Other / Unknown,1,0.1
sendsay.ru,sendsay.ru,Other / Unknown,1,0.1
verint-cdn.com,verint-cdn.com,Other / Unknown,1,0.1
rtoaster.jp,rtoaster.jp,Other / Unknown,1,0.1
bbbprograms.org,bbbprograms.org,Other / Unknown,1,0.1
optimizely-edge.com,optimizely-edge.com,Other / Unknown,1,0.1
unleash-hosted.com,unleash-hosted.com,Other / Unknown,1,0.1
time.gov,time.gov,Other / Unknown,1,0.1
noip.com,noip.com,Other / Unknown,1,0.1
firstpromoter.com,firstpromoter.com,Other / Unknown,1,0.1
inspectlet.com,inspectlet.com,Other / Unknown,1,0.1
nota.media,nota.media,Other / Unknown,1,0.1
amocrm.ru,amocrm.ru,Other / Unknown,1,0.1
roistat.com,roistat.com,Other / Unknown,1,0.1
bitrix.info,bitrix.info,Other / Unknown,1,0.1
s-nbcnews.com,s-nbcnews.com,Other / Unknown,1,0.1
dssott.com,dssott.com,Other / Unknown,1,0.1
mega.io,mega.io,Other / Unknown,1,0.1
natgeofe.com,natgeofe.com,Other / Unknown,1,0.1
blinklabs.xyz,blinklabs.xyz,Other / Unknown,1,0.1
reddigital.ru,reddigital.ru,Other / Unknown,1,0.1
solta.io,solta.io,Other / Unknown,1,0.1
lotus-dsp.ru,lotus-dsp.ru,Other / Unknown,1,0.1
opendsp.ru,opendsp.ru,Other / Unknown,1,0.1
getshop.tv,getshop.tv,Other / Unknown,1,0.1
melvad.com,melvad.com,Other / Unknown,1,0.1
utraff.com,utraff.com,Other / Unknown,1,0.1
programmatica.com,programmatica.com,Other / Unknown,1,0.1
kombinat.digital,kombinat.digital,Other / Unknown,1,0.1
sspnet.tech,sspnet.tech,Other / Unknown,1,0.1
bidster.net,bidster.net,Other / Unknown,1,0.1
mozilla.org,mozilla.org,Other / Unknown,1,0.1
firefox.com,firefox.com,Other / Unknown,1,0.1
tomi.ai,tomi.ai,Other / Unknown,1,0.1
hicloud.com,hicloud.com,Other / Unknown,1,0.1
avm.de,avm.de,Other / Unknown,1,0.1
myspacecdn.com,myspacecdn.com,Other / Unknown,1,0.1
loc.kr,loc.kr,Other / Unknown,1,0.1
fouanalytics.com,fouanalytics.com,Other / Unknown,1,0.1
vindicosuite.com,vindicosuite.com,Other / Unknown,1,0.1
adelphic.com,adelphic.com,Other / Unknown,1,0.1
oracleinfinity.io,oracleinfinity.io,Other / Unknown,1,0.1
atgsvcs.com,atgsvcs.com,Other / Unknown,1,0.1
custhelp.com,custhelp.com,Other / Unknown,1,0.1
rightnowtech.com,rightnowtech.com,Other / Unknown,1,0.1
rnengage.com,rnengage.com,Other / Unknown,1,0.1
kwai.net,kwai.net,Other / Unknown,1,0.1
kueez.com,kueez.com,Other / Unknown,1,0.1
silvermob.com,silvermob.com,Other / Unknown,1,0.1
blog.google,blog.google,Other / Unknown,1,0.1
grammarly.io,grammarly.io,Other / Unknown,1,0.1
pxf.io,pxf.io,Other / Unknown,1,0.1
csb.app,csb.app,Other / Unknown,1,0.1
embedly.com,embedly.com,Other / Unknown,1,0.1
cdn-api-weglot.com,cdn-api-weglot.com,Other / Unknown,1,0.1
geoip-js.com,geoip-js.com,Other / Unknown,1,0.1
rvohealth.io,rvohealth.io,Other / Unknown,1,0.1
adspsp.com,adspsp.com,Other / Unknown,1,0.1
rvohealth.com,rvohealth.com,Other / Unknown,1,0.1
medicalnewstoday.com,medicalnewstoday.com,Other / Unknown,1,0.1
btmessage.com,btmessage.com,Other / Unknown,1,0.1
hmgroup.com,hmgroup.com,Other / Unknown,1,0.1
thdstatic.com,thdstatic.com,Other / Unknown,1,0.1
getamigo.io,getamigo.io,Other / Unknown,1,0.1
thdws.com,thdws.com,Other / Unknown,1,0.1
revjet.com,revjet.com,Other / Unknown,1,0.1
growthbook.io,growthbook.io,Other / Unknown,1,0.1
plyr.io,plyr.io,Other / Unknown,1,0.1
pvxt.net,pvxt.net,Other / Unknown,1,0.1
browser-intake-datadoghq.eu,browser-intake-datadoghq.eu,Other / Unknown,1,0.1
contentsquare.com,contentsquare.com,Other / Unknown,1,0.1
fpjscdn.net,fpjscdn.net,Other / Unknown,1,0.1
eulerian.net,eulerian.net,Other / Unknown,1,0.1
fpjs.io,fpjs.io,Other / Unknown,1,0.1
appcues.com,appcues.com,Other / Unknown,1,0.1
appcues.net,appcues.net,Other / Unknown,1,0.1
dynamicyield.com,dynamicyield.com,Other / Unknown,1,0.1
domains.google,domains.google,Other / Unknown,1,0.1
frvr.com,frvr.com,Other / Unknown,1,0.1
hubspot.net,hubspot.net,Other / Unknown,1,0.1
lunamedia.live,lunamedia.live,Other / Unknown,1,0.1
oktopost.com,oktopost.com,Other / Unknown,1,0.1
h-cdn.com,h-cdn.com,Other / Unknown,1,0.1
dt.fox,dt.fox,Other / Unknown,1,0.1
atp.fox,atp.fox,Other / Unknown,1,0.1
strike.fox,strike.fox,Other / Unknown,1,0.1
trueanthem.com,trueanthem.com,Other / Unknown,1,0.1
truoptik.com,truoptik.com,Other / Unknown,1,0.1
foxweather.com,foxweather.com,Other / Unknown,1,0.1
cdnpk.net,cdnpk.net,Other / Unknown,1,0.1
illuma-tech.com,illuma-tech.com,Other / Unknown,1,0.1
freewheel.com,freewheel.com,Other / Unknown,1,0.1
tarteaucitron.io,tarteaucitron.io,Other / Unknown,1,0.1
aticdn.net,aticdn.net,Other / Unknown,1,0.1
xiti.com,xiti.com,Other / Unknown,1,0.1
cgkthn.com,cgkthn.com,Other / Unknown,1,0.1
monetixads.com,monetixads.com,Other / Unknown,1,0.1
adzerk.net,adzerk.net,Other / Unknown,1,0.1
githubassets.com,githubassets.com,Other / Unknown,1,0.1
githubapp.com,githubapp.com,Other / Unknown,1,0.1
piwik.pro,piwik.pro,Other / Unknown,1,0.1
gmo.jp,gmo.jp,Other / Unknown,1,0.1
glbimg.com,glbimg.com,Other / Unknown,1,0.1
g.globo,g.globo,Other / Unknown,1,0.1
voisetech.com,voisetech.com,Other / Unknown,1,0.1
ravenjs.com,ravenjs.com,Other / Unknown,1,0.1
matterhorn.app,matterhorn.app,Other / Unknown,1,0.1
gr-assets.com,gr-assets.com,Other / Unknown,1,0.1
try-hubspot.com,try-hubspot.com,Other / Unknown,1,0.1
huffingtonpost.com,huffingtonpost.com,Other / Unknown,1,0.1
bringads.ru,bringads.ru,Other / Unknown,1,0.1
freecreditkarmatax.com,freecreditkarmatax.com,Other / Unknown,1,0.1
tradingview-widget.com,tradingview-widget.com,Other / Unknown,1,0.1
iconify.design,iconify.design,Other / Unknown,1,0.1
termly.io,termly.io,Other / Unknown,1,0.1
matomo.cloud,matomo.cloud,Other / Unknown,1,0.1
isu.pub,isu.pub,Other / Unknown,1,0.1
termsfeedtag.com,termsfeedtag.com,Other / Unknown,1,0.1
eurometrics.eu,eurometrics.eu,Other / Unknown,1,0.1
itcomdomains.com,itcomdomains.com,Other / Unknown,1,0.1
ivi.tv,ivi.tv,Other / Unknown,1,0.1
statad.ru,statad.ru,Other / Unknown,1,0.1
flocktory.com,flocktory.com,Other / Unknown,1,0.1
360buyimg.com,360buyimg.com,Other / Unknown,1,0.1
jdcorporateblog.com,jdcorporateblog.com,Other / Unknown,1,0.1
jotfor.ms,jotfor.ms,Other / Unknown,1,0.1
fbi.gov,fbi.gov,Other / Unknown,1,0.1
dea.gov,dea.gov,Other / Unknown,1,0.1
kaspersky-labs.com,kaspersky-labs.com,Other / Unknown,1,0.1
kaspersky.de,kaspersky.de,Other / Unknown,1,0.1
go2sdk.com,go2sdk.com,Other / Unknown,1,0.1
push4site.com,push4site.com,Other / Unknown,1,0.1
omguk.com,omguk.com,Other / Unknown,1,0.1
air360tracker.net,air360tracker.net,Other / Unknown,1,0.1
gbss.io,gbss.io,Other / Unknown,1,0.1
siftscience.com,siftscience.com,Other / Unknown,1,0.1
hexagon-analytics.com,hexagon-analytics.com,Other / Unknown,1,0.1
kameleoon.eu,kameleoon.eu,Other / Unknown,1,0.1
kontur.host,kontur.host,Other / Unknown,1,0.1
tradingview.com,tradingview.com,Other / Unknown,1,0.1
inmobiapis.com,inmobiapis.com,Other / Unknown,1,0.1
thecontentserver.com,thecontentserver.com,Other / Unknown,1,0.1
glance-cdn.com,glance-cdn.com,Other / Unknown,1,0.1
buzzfeed.com,buzzfeed.com,Other / Unknown,1,0.1
binsiad.com,binsiad.com,Other / Unknown,1,0.1
insiad.com,insiad.com,Other / Unknown,1,0.1
browsiprod.com,browsiprod.com,Other / Unknown,1,0.1
adlightning.com,adlightning.com,Other / Unknown,1,0.1
atmtd.com,atmtd.com,Other / Unknown,1,0.1
admaster.cc,admaster.cc,Other / Unknown,1,0.1
advangelists.com,advangelists.com,Other / Unknown,1,0.1
s81c.com,s81c.com,Other / Unknown,1,0.1
appdomain.cloud,appdomain.cloud,Other / Unknown,1,0.1
o11.tech,o11.tech,Other / Unknown,1,0.1
videoamp.com,videoamp.com,Other / Unknown,1,0.1
mncdn.com,mncdn.com,Other / Unknown,1,0.1
quicklyedit.com,quicklyedit.com,Other / Unknown,1,0.1
the-independent.com,the-independent.com,Other / Unknown,1,0.1
experianmatch.info,experianmatch.info,Other / Unknown,1,0.1
pbstck.com,pbstck.com,Other / Unknown,1,0.1
cpx.to,cpx.to,Other / Unknown,1,0.1
spellknight.com,spellknight.com,Other / Unknown,1,0.1
anonm.io,anonm.io,Other / Unknown,1,0.1
toiimg.com,toiimg.com,Other / Unknown,1,0.1
publishstory.co,publishstory.co,Other / Unknown,1,0.1
growthrx.in,growthrx.in,Other / Unknown,1,0.1
ibeat-analytics.com,ibeat-analytics.com,Other / Unknown,1,0.1
rpctrk.com,rpctrk.com,Other / Unknown,1,0.1
writeswonder.com,writeswonder.com,Other / Unknown,1,0.1
inmobicdn.net,inmobicdn.net,Other / Unknown,1,0.1
155.61,155.61,Other / Unknown,1,0.1
